latent_h25_s42,90.0
smoke,ok
latent_h25_s43,90.0
latent_h25_s44,80.0
latent_h50_s42,56.00000000000001
latent_h50_s43,38.0
latent_h50_s44,42.0
random_h25_s44,0.0
random_h25_s43,4.0
random_h25_s42,0.0
random_h50_s42,2.0
random_h50_s44,2.0
random_h50_s43,0.0
tdcem_e0.03_n5_h25_s42,76.0
tdcem_e0.1_n5_h25_s42,80.0
tdcem_e0.03_n50_h25_s42,70.0
tdcem_e0.03_n25_h25_s42,76.0
tdcem_e0.1_n50_h25_s42,62.0
tdcem_e0.1_n25_h25_s42,66.0
tdcem_e0.3_n5_h25_s42,76.0
tdcem_e0.3_n25_h25_s42,56.00000000000001
tdcem_e0.3_n50_h25_s42,62.0
tdcem_e0.1_n5_h50_s42,48.0
tdcem_e0.03_n5_h50_s42,60.0
tdcem_e0.03_n25_h50_s42,26.0
tdcem_e0.03_n50_h50_s42,30.0
tdcem_e0.1_n50_h50_s42,42.0
tdcem_e0.3_n5_h50_s42,52.0
tdcem_e0.1_n25_h50_s42,40.0
tdcem_e0.3_n25_h50_s42,34.0
tdcem_e0.3_n50_h50_s42,30.0
tdwin_td_e0.03_n5_h25_s44,74.0
tdwin_td_e0.03_n5_h25_s42,76.0
tdwin_td_e0.03_n5_h25_s43,80.0
tdwin_td_e0.03_n5_h50_s42,54.0
tdwin_td_e0.03_n5_h50_s43,42.0
tdwin_td_e0.03_n5_h50_s44,42.0
lip_k4_lr1e-3_st4000_h25_s42,52.0
lip_k8_lr3e-4_st8000_h25_s42,66.0
lip_k8_lr1e-3_st4000_h25_s42,60.0
lip_k4_lr3e-4_st4000_h25_s42,48.0
lip_k4_lr3e-4_st4000_h50_s42,22.0
lip_k8_lr3e-4_st8000_h50_s42,36.0
lip_k4_lr1e-3_st4000_h50_s42,28.000000000000004
lip_k8_lr1e-3_st4000_h50_s42,26.0
lipwin_k8_lr3e-4_st8000_h25_s43,68.0
lipwin_k8_lr3e-4_st8000_h25_s42,66.0
lipwin_k8_lr3e-4_st8000_h25_s44,66.0
lipwin_k8_lr3e-4_st8000_h50_s42,40.0
lipwin_k8_lr3e-4_st8000_h50_s43,26.0
lipwin_k8_lr3e-4_st8000_h50_s44,40.0
lipR8_h25_s42,68.0
lipR8_h50_s42,56.00000000000001
lipR8_h25_s43,70.0
lipR8_h25_s44,72.0
lipR8_h50_s44,54.0
lipR8_h50_s43,44.0
td2cem_e0.01_n2_h50_s42,60.0
td2cem_e0.01_n1_h50_s42,62.0
td2cem_e0.01_n3_h50_s42,56.00000000000001
td2cem_e0.01_n10_h50_s42,42.0
td2cem_e0.03_n2_h50_s42,56.00000000000001
td2cem_e0.03_n3_h50_s42,68.0
td2cem_e0.03_n1_h50_s42,52.0
td2cem_e0.01_n15_h50_s42,40.0
td2cem_e0.03_n10_h50_s42,52.0
td2cem_e0.05_n2_h50_s42,48.0
td2cem_e0.05_n1_h50_s42,64.0
td2cem_e0.03_n15_h50_s42,44.0
td2cem_e0.05_n3_h50_s42,52.0
td2cem_e0.05_n15_h50_s42,38.0
td2cem_e0.1_n1_h50_s42,62.0
td2cem_e0.05_n10_h50_s42,52.0
td2cem_e0.1_n15_h50_s42,44.0
td2cem_e0.1_n3_h50_s42,62.0
td2cem_e0.1_n10_h50_s42,50.0
td2cem_e0.1_n2_h50_s42,48.0
td2cem_e0.3_n2_h50_s42,56.00000000000001
td2cem_e0.3_n3_h50_s42,64.0
td2cem_e0.3_n1_h50_s42,50.0
td2cem_e0.3_n10_h50_s42,57.99999999999999
td2cem_e0.03_n2_big_h50_s42,52.0
td2cem_e0.03_n5_st20k_h50_s42,48.0
td2cem_e0.3_n15_h50_s42,44.0
td2cem_e0.03_n2_st20k_h50_s42,48.0
td2cem_e0.03_n10_st20k_h50_s42,52.0
td2cem_e0.1_n2_st20k_h50_s42,50.0
td2cem_e0.03_n5_big_h50_s42,48.0
td2cem_e0.03_n10_big_h50_s42,36.0
td2cem_e0.1_n5_st20k_h50_s42,40.0
td2cem_e0.1_n2_big_h50_s42,62.0
td2cem_e0.1_n5_big_h50_s42,50.0
td2cem_e0.1_n10_st20k_h50_s42,50.0
td2cem_e0.1_n10_big_h50_s42,56.00000000000001
td2cem_e0.1_n3_h25_s42,84.0
td2cem_e0.05_n1_h25_s42,84.0
td2cem_e0.03_n3_h25_s42,84.0
td2cem_e0.3_n3_h25_s42,88.0
td2cem_e0.01_n2_h25_s42,82.0
td2cem_e0.1_n2_big_h25_s42,88.0
td2cem_e0.1_n1_h25_s42,88.0
td2cem_e0.01_n1_h25_s42,92.0
td2win_e0.01_n1_h25_s44,82.0
td2win_e0.01_n1_h25_s42,92.0
td2win_e0.01_n1_h25_s43,90.0
td2win_e0.01_n1_h50_s42,62.0
td2win_e0.01_n1_h50_s43,56.00000000000001
td2win_e0.01_n1_h50_s44,40.0
td2blend_e0.01_n1_h25_s43,90.0
td2blend_e0.01_n1_h25_s44,84.0
td2blend_e0.01_n1_h25_s42,94.0
td2blend_e0.01_n1_h50_s42,60.0
td2blend_e0.01_n1_h50_s44,46.0
td2blend_e0.01_n1_h50_s43,48.0
lip2_k4_lr3e-4_st4000_h25_s42,64.0
lip2_k4_lr3e-4_st4000_h50_s42,32.0
lip2_k8_lr3e-4_st8000_h25_s42,80.0
lip2_k8_lr3e-4_st8000_h50_s42,48.0
lip2win_k8_lr3e-4_st8000_h25_s44,80.0
lip2win_k8_lr3e-4_st8000_h25_s42,80.0
lip2win_k8_lr3e-4_st8000_h25_s43,82.0
lip2win_k8_lr3e-4_st8000_h50_s42,48.0
lip2win_k8_lr3e-4_st8000_h50_s43,40.0
lip2win_k8_lr3e-4_st8000_h50_s44,42.0
histcem_e0.03_n5_h25_s42,60.0
histcem_e0.03_n10_h25_s42,62.0
histcem_e0.1_n5_h25_s42,62.0
histcem_e0.03_n2_h25_s42,62.0
histcem_e0.03_n5_h50_s42,44.0
histcem_e0.03_n10_h50_s42,42.0
histcem_e0.03_n2_h50_s42,56.00000000000001
histcem_e0.1_n5_h50_s42,44.0
histwin_e0.03_n2_h25_s43,78.0
histwin_e0.03_n2_h25_s44,57.99999999999999
histwin_e0.03_n2_h25_s42,62.0
histwin_e0.03_n2_h50_s42,56.00000000000001
histwin_e0.03_n2_h50_s44,46.0
histwin_e0.03_n2_h50_s43,40.0
histblend_e0.03_n2_h25_s43,90.0
histblend_e0.03_n2_h25_s44,72.0
histblend_e0.03_n2_h25_s42,78.0
histblend_e0.03_n2_h50_s42,64.0
histblend_e0.03_n2_h50_s43,44.0
histblend_e0.03_n2_h50_s44,44.0
better_ens_td_h25_s42,78.0
better_hist_g0.99_h25_s42,64.0
better_ens_hist_h25_s42,62.0
better_hist_noise0.1_h25_s42,54.0
better_hist_full20k_h25_s42,52.0
better_hist_noise0.1_h50_s42,50.0
better_ens_td_h50_s42,56.00000000000001
better_hist_g0.99_h50_s42,48.0
better_ens_hist_h50_s42,52.0
better_hist_full20k_h50_s42,48.0
betterwin_ens_td_h25_s44,80.0
betterwin_ens_td_h25_s42,78.0
betterwin_ens_td_h25_s43,78.0
betterwin_ens_td_h50_s42,56.00000000000001
betterwin_ens_td_h50_s43,50.0
betterwin_ens_td_h50_s44,46.0
betterblend_ens_td_h25_s42,86.0
betterblend_ens_td_h25_s44,82.0
betterblend_ens_td_h25_s43,86.0
betterblend_ens_td_h50_s42,62.0
betterblend_ens_td_h50_s43,50.0
betterblend_ens_td_h50_s44,52.0
head_qrl_h25_s42,72.0
head_mlp_h25_s42,36.0
head_mlpsym_h25_s42,24.0
head_qrl_h50_s42,46.0
head_mlp_h50_s42,12.0
head_mlpsym_h50_s42,20.0
lip2R8_h25_s42,88.0
lip2R8_h25_s44,80.0
lip2R8_h25_s43,86.0
lip2R8_h50_s42,54.0
lip2R8_h50_s44,52.0
lip2R8_h50_s43,44.0
histfair_e0.01_n1_h25_s42,64.0
histfair_e0.01_n1_h50_s42,54.0
