card_e01n50-seed1_hard_h25_s42,100.0
card_e01n50-seed1_hard_h25_s43,100.0
card_e01n50-seed1_hard_h25_s44,100.0
card_e01n50-seed1_hard_h50_s42,100.0
card_e01n50-seed1_hard_h50_s43,100.0
card_e01n50-seed1_hard_h50_s44,100.0
card_e01n50-seed1_std_h25_s42,100.0
card_e01n50-seed1_std_h25_s43,100.0
card_e01n50-seed1_std_h25_s44,100.0
card_e01n50-seed1_std_h50_s42,100.0
card_e01n50-seed1_std_h50_s43,100.0
card_e01n50-seed1_std_h50_s44,100.0
card_e01n50-seed2_hard_h25_s42,98.0
card_e01n50-seed2_hard_h25_s43,98.0
card_e01n50-seed2_hard_h25_s44,100.0
card_e01n50-seed2_hard_h50_s42,100.0
card_e01n50-seed2_hard_h50_s43,100.0
card_e01n50-seed2_hard_h50_s44,100.0
card_e01n50-seed2_std_h25_s42,100.0
card_e01n50-seed2_std_h25_s43,100.0
card_e01n50-seed2_std_h25_s44,100.0
card_e01n50-seed2_std_h50_s42,100.0
card_e01n50-seed2_std_h50_s43,100.0
card_e01n50-seed2_std_h50_s44,98.0
card_t-ed256_hard_h25_s42,100.0
card_t-ed256_hard_h25_s43,100.0
card_t-ed256_hard_h25_s44,100.0
card_t-ed256_hard_h50_s42,100.0
card_t-ed256_hard_h50_s43,100.0
card_t-ed256_hard_h50_s44,100.0
card_t-ed256_std_h25_s42,100.0
card_t-ed256_std_h25_s43,100.0
card_t-ed256_std_h25_s44,100.0
card_t-ed256_std_h50_s42,100.0
card_t-ed256_std_h50_s43,100.0
card_t-ed256_std_h50_s44,100.0
latent150_hard_h25_s42,64.0
latent150_hard_h25_s43,70.0
latent150_hard_h25_s44,78.0
latent150_hard_h50_s42,48.0
latent150_hard_h50_s43,52.0
latent150_hard_h50_s44,60.0
latent150_std_h25_s42,70.0
latent150_std_h25_s43,80.0
latent150_std_h25_s44,78.0
latent150_std_h50_s42,48.0
latent150_std_h50_s43,48.0
latent150_std_h50_s44,57.99999999999999
latent_hard_h25_s42,78.0
latent_hard_h25_s43,78.0
latent_hard_h25_s44,86.0
latent_hard_h50_s42,56.00000000000001
latent_hard_h50_s43,57.99999999999999
latent_hard_h50_s44,70.0
latent_std_h25_s42,88.0
latent_std_h25_s43,86.0
latent_std_h25_s44,88.0
latent_std_h50_s42,68.0
latent_std_h50_s43,54.0
latent_std_h50_s44,62.0
lipR8_k8_hard_h50_s43,96.0
lip_k4_lr1e-3_st4000_hard_h25_s42,88.0
lip_k4_lr1e-3_st4000_hard_h50_s42,84.0
lip_k4_lr3e-4_st4000_hard_h25_s42,100.0
lip_k4_lr3e-4_st4000_hard_h50_s42,96.0
lip_k8_lr1e-3_st4000_hard_h25_s42,8.0
lip_k8_lr1e-3_st4000_hard_h50_s42,8.0
lip_k8_lr3e-4_st8000_hard_h25_s42,100.0
lip_k8_lr3e-4_st8000_hard_h50_s42,100.0
lipwin_k8_lr3e-4_st8000_hard_h25_s42,100.0
lipwin_k8_lr3e-4_st8000_hard_h25_s43,100.0
lipwin_k8_lr3e-4_st8000_hard_h25_s44,100.0
lipwin_k8_lr3e-4_st8000_hard_h50_s42,100.0
lipwin_k8_lr3e-4_st8000_hard_h50_s43,94.0
lipwin_k8_lr3e-4_st8000_hard_h50_s44,98.0
lipwin_k8_lr3e-4_st8000_std_h25_s42,100.0
lipwin_k8_lr3e-4_st8000_std_h25_s43,100.0
lipwin_k8_lr3e-4_st8000_std_h25_s44,100.0
lipwin_k8_lr3e-4_st8000_std_h50_s42,98.0
lipwin_k8_lr3e-4_st8000_std_h50_s43,100.0
lipwin_k8_lr3e-4_st8000_std_h50_s44,98.0
lv1_r-16k_hard_h50_s42,98.0
lv1_r-16k_hard_h50_s43,94.0
lv1_r-16k_std_h50_s42,100.0
lv1_r-h10_hard_h50_s42,FAIL
lv1_r-h10_hard_h50_s43,FAIL
lv1_r-h10_std_h50_s42,12.0
lv1_r-k12_hard_h50_s42,100.0
lv1_r-k12_hard_h50_s43,100.0
lv1_r-k12_std_h50_s42,90.0
lv1_r-md12_hard_h50_s42,100.0
lv1_r-md12_hard_h50_s43,100.0
lv1_r-md12_std_h50_s42,100.0
lv1_t-e003n25_hard_h50_s42,100.0
lv1_t-e003n25_hard_h50_s43,98.0
lv1_t-e003n25_std_h50_s42,100.0
lv1_t-e01n50_hard_h50_s42,100.0
lv1_t-e01n50_hard_h50_s43,100.0
lv1_t-e01n50_std_h50_s42,100.0
lv1_t-ed256_hard_h50_s42,100.0
lv1_t-ed256_hard_h50_s43,100.0
lv1_t-ed256_std_h50_s42,100.0
lv1_t-pc05_hard_h50_s42,100.0
lv1_t-pc05_hard_h50_s43,98.0
lv1_t-pc05_std_h50_s42,98.0
lv1win_lv1_t-e01n50_hard_h25_s42,100.0
lv1win_lv1_t-e01n50_hard_h25_s43,100.0
lv1win_lv1_t-e01n50_hard_h25_s44,100.0
lv1win_lv1_t-e01n50_hard_h50_s42,100.0
lv1win_lv1_t-e01n50_hard_h50_s43,100.0
lv1win_lv1_t-e01n50_hard_h50_s44,100.0
lv1win_lv1_t-e01n50_std_h25_s42,100.0
lv1win_lv1_t-e01n50_std_h25_s43,100.0
lv1win_lv1_t-e01n50_std_h25_s44,98.0
lv1win_lv1_t-e01n50_std_h50_s42,100.0
lv1win_lv1_t-e01n50_std_h50_s43,100.0
lv1win_lv1_t-e01n50_std_h50_s44,98.0
random_hard_h25_s42,8.0
random_hard_h25_s43,18.0
random_hard_h25_s44,14.000000000000002
random_hard_h50_s42,4.0
random_hard_h50_s43,0.0
random_hard_h50_s44,2.0
random_std_h25_s42,22.0
random_std_h25_s43,32.0
random_std_h25_s44,30.0
random_std_h50_s42,14.000000000000002
random_std_h50_s43,4.0
random_std_h50_s44,14.000000000000002
smoke,ok
tdcem150_hard_h25_s42,100.0
tdcem150_hard_h25_s43,98.0
tdcem150_hard_h25_s44,100.0
tdcem150_hard_h50_s42,100.0
tdcem150_hard_h50_s43,100.0
tdcem150_hard_h50_s44,98.0
tdcem150_std_h25_s42,100.0
tdcem150_std_h25_s43,100.0
tdcem150_std_h25_s44,100.0
tdcem150_std_h50_s42,98.0
tdcem150_std_h50_s43,100.0
tdcem150_std_h50_s44,98.0
tdcem_e0.03_n25_hard_h25_s42,100.0
tdcem_e0.03_n25_hard_h50_s42,100.0
tdcem_e0.03_n50_hard_h25_s42,100.0
tdcem_e0.03_n50_hard_h50_s42,100.0
tdcem_e0.03_n5_hard_h25_s42,100.0
tdcem_e0.03_n5_hard_h50_s42,98.0
tdcem_e0.1_n25_hard_h25_s42,100.0
tdcem_e0.1_n25_hard_h50_s42,100.0
tdcem_e0.1_n50_hard_h25_s42,100.0
tdcem_e0.1_n50_hard_h50_s42,100.0
tdcem_e0.1_n5_hard_h25_s42,100.0
tdcem_e0.1_n5_hard_h50_s42,98.0
tdcem_e0.3_n25_hard_h25_s42,100.0
tdcem_e0.3_n25_hard_h50_s42,100.0
tdcem_e0.3_n50_hard_h25_s42,100.0
tdcem_e0.3_n50_hard_h50_s42,100.0
tdcem_e0.3_n5_hard_h25_s42,100.0
tdcem_e0.3_n5_hard_h50_s42,100.0
tdwin_td_e0.03_n50_hard_h25_s42,100.0
tdwin_td_e0.03_n50_hard_h25_s43,98.0
tdwin_td_e0.03_n50_hard_h25_s44,100.0
tdwin_td_e0.03_n50_hard_h50_s42,100.0
tdwin_td_e0.03_n50_hard_h50_s43,100.0
tdwin_td_e0.03_n50_hard_h50_s44,100.0
tdwin_td_e0.03_n50_std_h25_s42,100.0
tdwin_td_e0.03_n50_std_h25_s43,100.0
tdwin_td_e0.03_n50_std_h25_s44,100.0
tdwin_td_e0.03_n50_std_h50_s42,100.0
tdwin_td_e0.03_n50_std_h50_s43,100.0
tdwin_td_e0.03_n50_std_h50_s44,100.0
tdwin_td_e0.3_n5_hard_h25_s42,100.0
tdwin_td_e0.3_n5_hard_h25_s43,100.0
tdwin_td_e0.3_n5_hard_h25_s44,100.0
tdwin_td_e0.3_n5_hard_h50_s42,100.0
