anchor_champ_h25_s43,96.0
anchor_tdcem_h25_s42,82.0
cemlat_h100_s42,60.0
cemlat_h100_s43,76.0
cemlat_h100_s44,50.0
cemlat_h200_s42,0.0
cemlat_h200_s43,0.0
cemlat_h200_s44,6.0
cemlat_h50_s42,57.99999999999999
cemlat_h50_s43,68.0
cemlat_h50_s44,38.0
hcem_h100_s42,32.0
hcem_h100_s43,68.0
hcem_h100_s44,36.0
hcem_h200_s42,0.0
hcem_h200_s43,0.0
hcem_h200_s44,4.0
hcem_h25_s42,46.0
hcem_h25_s43,70.0
hcem_h25_s44,46.0
hcem_h50_s42,34.0
hcem_h50_s43,57.99999999999999
hcem_h50_s44,34.0
hcemc_h100_s42,56.00000000000001
hcemc_h100_s43,76.0
hcemc_h100_s44,48.0
hcemc_h200_s42,0.0
hcemc_h200_s43,0.0
hcemc_h200_s44,4.0
hcemc_h50_s42,40.0
hcemc_h50_s43,54.0
hcemc_h50_s44,46.0
hlip_h100_s42,36.0
hlip_h100_s43,70.0
hlip_h100_s44,40.0
hlip_h200_s42,0.0
hlip_h200_s43,0.0
hlip_h200_s44,4.0
hlip_h25_s42,40.0
hlip_h25_s43,48.0
hlip_h25_s44,42.0
hlip_h50_s42,18.0
hlip_h50_s43,34.0
hlip_h50_s44,18.0
hlipc_h100_s42,74.0
hlipc_h100_s43,86.0
hlipc_h100_s44,76.0
hlipc_h200_s42,0.0
hlipc_h200_s43,0.0
hlipc_h200_s44,4.0
hlipc_h50_s42,60.0
hlipc_h50_s43,66.0
hlipc_h50_s44,48.0
hlipp_h100_s42,36.0
hlipp_h100_s43,70.0
hlipp_h100_s44,40.0
hlipp_h25_s42,40.0
hlipp_h25_s43,46.0
hlipp_h25_s44,42.0
hyb0_h25_s42,56.00000000000001
hyb0_h25_s43,64.0
hyb0_h25_s44,48.0
hybaut_h100_s42,70.0
hybaut_h100_s43,86.0
hybaut_h100_s44,74.0
hybaut_h200_s42,0.0
hybaut_h200_s43,2.0
hybaut_h200_s44,4.0
hybaut_h25_s42,84.0
hybaut_h25_s43,96.0
hybaut_h25_s44,70.0
hybaut_h50_s42,62.0
hybaut_h50_s43,74.0
hybaut_h50_s44,64.0
lip4flatH10_h100_s42,54.0
lip4flatH10_h100_s43,74.0
lip4flatH10_h100_s44,57.99999999999999
lip4flatH10_h200_s42,0.0
lip4flatH10_h200_s43,0.0
lip4flatH10_h200_s44,6.0
lip4flatH10_h50_s42,57.99999999999999
lip4flatH10_h50_s43,78.0
lip4flatH10_h50_s44,56.00000000000001
lip4flatH10n50_h100_s42,56.00000000000001
lip4flatH10n50_h100_s43,78.0
lip4flatH10n50_h100_s44,56.00000000000001
lip4flatH10n50_h50_s42,60.0
lip4flatH10n50_h50_s43,80.0
lip4flatH10n50_h50_s44,50.0
lip4flat_h100_s42,74.0
lip4flat_h100_s43,86.0
lip4flat_h100_s44,76.0
lip4flat_h200_s42,0.0
lip4flat_h200_s43,0.0
lip4flat_h200_s44,4.0
lip4flat_h50_s42,68.0
lip4flat_h50_s43,80.0
lip4flat_h50_s44,56.00000000000001
