clip,draw,task,mode,verdict,core_task,goal_dz_m,rise_max_px,rise_end_px,dx_goal_px,dy_goal_px
s42_task11.mp4,42,11,A,never-lifted scrape,yes,0.108,1,1,-5,28
s42_task14.mp4,42,14,A,never-lifted pushed-aside,yes,0.166,0,-3,-13,53
s42_task17.mp4,42,17,A,never-lifted (lift+reorient task),yes,0.165,3,3,2,39
s42_task27.mp4,42,27,A,never-lifted nudged,yes,0.113,0,-2,3,33
s42_task38.mp4,42,38,A,never-lifted,yes,0.115,0,0,-3,28
s42_task46.mp4,42,46,B,carried-off-target (lifted ~10cm),no,0.246,27,15,65,-16
s43_task08.mp4,43,8,A,never-lifted,yes,0.094,1,1,0,23
s43_task14.mp4,43,14,B,set-down/push near-miss ~6cm,no,~0,0,-34,15,-10
s43_task25.mp4,43,25,A,never-lifted,yes,0.187,0,-4,5,52
s44_task12.mp4,44,12,A,never-lifted,yes,0.087,0,0,-6,21
s44_task13.mp4,44,13,A,never-lifted,yes,0.088,0,0,-3,22
s44_task23.mp4,44,23,A,never-lifted,yes,0.143,0,0,-8,38
s44_task24.mp4,44,24,A,never-lifted,yes,0.069,0,0,3,20
s44_task28.mp4,44,28,B,carried-high overshoot,no,~0.20,78,64,-15,-30
s44_task29.mp4,44,29,A,never-lifted,yes,0.100,0,0,-5,25
s44_task31.mp4,44,31,A,never-lifted,yes,0.217,0,-3,-8,53
s44_task46.mp4,44,46,A,never-lifted,yes,0.246,3,2,-8,64
