mx_anchor_latent_cem_std_h25_s42,92.0
mx_anchor_latent_cem_std_h25_s43,88.0
mx_anchor_latent_cem_std_h25_s44,88.0
mx_latent_cem_std_h25_s42,92.0
mx_latent_cem_std_h50_s42,42.0
mx_latent_cem_std_h25_s43,88.0
mx_latent_cem_std_h50_s43,62.0
mx_latent_cem_std_h25_s44,88.0
mx_latent_cem_std_h50_s44,60.0
mx_latent_cem_hard_h25_s42,82.0
mx_latent_cem_hard_h50_s42,66.0
mx_latent_cem_hard_h25_s43,88.0
mx_latent_cem_hard_h50_s43,72.0
mx_latent_cem_hard_h25_s44,86.0
mx_latent_cem_hard_h50_s44,46.0
mx_latent_mppi_std_h25_s42,57.99999999999999
mx_latent_mppi_std_h50_s42,44.0
mx_latent_mppi_std_h25_s43,64.0
mx_latent_mppi_std_h50_s43,42.0
mx_latent_mppi_std_h25_s44,74.0
mx_latent_mppi_std_h50_s44,56.00000000000001
mx_latent_mppi_hard_h25_s42,36.0
mx_latent_mppi_hard_h50_s42,46.0
mx_latent_mppi_hard_h25_s43,44.0
mx_latent_mppi_hard_h50_s43,44.0
mx_latent_mppi_hard_h25_s44,50.0
mx_latent_mppi_hard_h50_s44,40.0
mx_latent_adam_std_h25_s42,92.0
mx_latent_adam_std_h50_s42,60.0
mx_latent_adam_std_h25_s43,90.0
mx_latent_adam_std_h50_s43,68.0
mx_latent_adam_std_h25_s44,94.0
mx_latent_adam_std_h50_s44,74.0
mx_latent_adam_hard_h25_s42,80.0
mx_latent_adam_hard_h50_s42,57.99999999999999
mx_latent_adam_hard_h25_s43,80.0
mx_latent_adam_hard_h50_s43,72.0
mx_latent_adam_hard_h25_s44,84.0
mx_latent_adam_hard_h50_s44,36.0
mx_td_cem_t0_std_h25_s42,100.0
mx_td_cem_t0_std_h50_s42,100.0
mx_td_cem_t0_std_h25_s43,100.0
mx_td_cem_t0_std_h50_s43,100.0
mx_td_cem_t0_std_h25_s44,100.0
mx_td_cem_t0_std_h50_s44,100.0
mx_td_cem_t0_hard_h25_s42,100.0
mx_td_cem_t0_hard_h50_s42,100.0
mx_td_cem_t0_hard_h25_s43,100.0
mx_td_cem_t0_hard_h50_s43,98.0
mx_td_cem_t0_hard_h25_s44,100.0
mx_td_cem_t0_hard_h50_s44,98.0
mx_td_cem_t1_std_h25_s42,100.0
mx_td_cem_t1_std_h50_s42,100.0
mx_td_cem_t1_std_h25_s43,100.0
mx_td_cem_t1_std_h50_s43,100.0
mx_td_cem_t1_std_h25_s44,100.0
mx_td_cem_t1_std_h50_s44,100.0
mx_td_cem_t1_hard_h25_s42,100.0
mx_td_cem_t1_hard_h50_s42,100.0
mx_td_cem_t1_hard_h25_s43,100.0
mx_td_cem_t1_hard_h50_s43,100.0
mx_td_cem_t1_hard_h25_s44,100.0
mx_td_cem_t1_hard_h50_s44,98.0
mx_td_cem_t2_std_h25_s42,100.0
mx_td_cem_t2_std_h50_s42,98.0
mx_td_cem_t2_std_h25_s43,100.0
mx_td_cem_t2_std_h50_s43,100.0
mx_td_cem_t2_std_h25_s44,100.0
mx_td_cem_t2_std_h50_s44,100.0
mx_td_cem_t2_hard_h25_s42,100.0
mx_td_cem_t2_hard_h50_s42,100.0
mx_td_cem_t2_hard_h25_s43,100.0
mx_td_cem_t2_hard_h50_s43,98.0
mx_td_cem_t2_hard_h25_s44,100.0
mx_td_cem_t2_hard_h50_s44,100.0
mx_td_mppi_t0_std_h25_s42,88.0
mx_td_mppi_t0_std_h50_s42,92.0
mx_td_mppi_t0_std_h25_s43,84.0
mx_td_mppi_t0_std_h50_s43,88.0
mx_td_mppi_t0_std_h25_s44,86.0
mx_td_mppi_t0_std_h50_s44,88.0
mx_td_mppi_t0_hard_h25_s42,74.0
mx_td_mppi_t0_hard_h50_s42,82.0
mx_td_mppi_t0_hard_h25_s43,72.0
mx_td_mppi_t0_hard_h50_s43,80.0
mx_td_mppi_t0_hard_h25_s44,80.0
mx_td_mppi_t0_hard_h50_s44,72.0
mx_td_mppi_t1_std_h25_s42,84.0
mx_td_mppi_t1_std_h50_s42,86.0
mx_td_mppi_t1_std_h25_s43,94.0
mx_td_mppi_t1_std_h50_s43,80.0
mx_td_mppi_t1_std_h25_s44,94.0
mx_td_mppi_t1_std_h50_s44,88.0
mx_td_mppi_t1_hard_h25_s42,74.0
mx_td_mppi_t1_hard_h50_s42,82.0
mx_td_mppi_t1_hard_h25_s43,80.0
mx_td_mppi_t1_hard_h50_s43,86.0
mx_td_mppi_t1_hard_h25_s44,64.0
mx_td_mppi_t1_hard_h50_s44,76.0
mx_td_mppi_t2_std_h25_s42,88.0
mx_td_mppi_t2_std_h50_s42,98.0
mx_td_mppi_t2_std_h25_s43,80.0
mx_td_mppi_t2_std_h50_s43,78.0
mx_td_mppi_t2_std_h25_s44,86.0
mx_td_mppi_t2_std_h50_s44,86.0
mx_td_mppi_t2_hard_h25_s42,82.0
mx_td_mppi_t2_hard_h50_s42,86.0
mx_td_mppi_t2_hard_h25_s43,76.0
mx_td_mppi_t2_hard_h50_s43,82.0
mx_td_mppi_t2_hard_h25_s44,74.0
mx_td_mppi_t2_hard_h50_s44,72.0
mx_td_adam_t0_std_h25_s42,92.0
mx_td_adam_t0_std_h50_s42,96.0
mx_td_adam_t0_std_h25_s43,96.0
mx_td_adam_t0_std_h50_s43,100.0
mx_td_adam_t0_std_h25_s44,100.0
mx_td_adam_t0_std_h50_s44,96.0
mx_td_adam_t0_hard_h25_s42,96.0
mx_td_adam_t0_hard_h50_s42,90.0
mx_td_adam_t0_hard_h25_s43,92.0
mx_td_adam_t0_hard_h50_s43,92.0
mx_td_adam_t0_hard_h25_s44,94.0
mx_td_adam_t0_hard_h50_s44,90.0
mx_td_adam_t1_std_h25_s42,98.0
mx_td_adam_t1_std_h50_s42,90.0
mx_td_adam_t1_std_h25_s43,94.0
mx_td_adam_t1_std_h50_s43,92.0
mx_td_adam_t1_std_h25_s44,94.0
mx_td_adam_t1_std_h50_s44,96.0
mx_td_adam_t1_hard_h25_s42,88.0
mx_td_adam_t1_hard_h50_s42,92.0
mx_td_adam_t1_hard_h25_s43,92.0
mx_td_adam_t1_hard_h50_s43,88.0
mx_td_adam_t1_hard_h25_s44,82.0
mx_td_adam_t1_hard_h50_s44,86.0
mx_td_adam_t2_std_h25_s42,98.0
mx_td_adam_t2_std_h50_s42,98.0
mx_td_adam_t2_std_h25_s43,96.0
mx_td_adam_t2_std_h50_s43,98.0
mx_td_adam_t2_std_h25_s44,100.0
mx_td_adam_t2_std_h50_s44,98.0
mx_td_adam_t2_hard_h25_s42,96.0
mx_td_adam_t2_hard_h50_s42,86.0
mx_td_adam_t2_hard_h25_s43,92.0
mx_td_adam_t2_hard_h50_s43,98.0
mx_td_adam_t2_hard_h25_s44,94.0
mx_td_adam_t2_hard_h50_s44,84.0
mx_lip_s0_std_h25_s42,100.0
mx_lip_s0_std_h50_s42,100.0
mx_lip_s0_std_h25_s43,100.0
mx_lip_s0_std_h50_s43,100.0
mx_lip_s0_std_h25_s44,100.0
mx_lip_s0_std_h50_s44,100.0
mx_lip_s0_hard_h25_s42,100.0
mx_lip_s0_hard_h50_s42,98.0
mx_lip_s0_hard_h25_s43,100.0
mx_lip_s0_hard_h50_s43,100.0
mx_lip_s0_hard_h25_s44,100.0
mx_lip_s0_hard_h50_s44,100.0
mx_lip_s1_std_h25_s42,100.0
mx_lip_s1_std_h50_s42,100.0
mx_lip_s1_std_h25_s43,100.0
mx_lip_s1_std_h50_s43,100.0
mx_lip_s1_std_h25_s44,100.0
mx_lip_s1_std_h50_s44,100.0
mx_lip_s1_hard_h25_s42,100.0
mx_lip_s1_hard_h50_s42,100.0
mx_lip_s1_hard_h25_s43,100.0
mx_lip_s1_hard_h50_s43,100.0
mx_lip_s1_hard_h25_s44,100.0
mx_lip_s1_hard_h50_s44,100.0
mx_lip_s2_std_h25_s42,100.0
mx_lip_s2_std_h50_s42,100.0
mx_lip_s2_std_h25_s43,100.0
mx_lip_s2_std_h50_s43,100.0
mx_lip_s2_std_h25_s44,100.0
mx_lip_s2_std_h50_s44,100.0
mx_lip_s2_hard_h25_s42,100.0
mx_lip_s2_hard_h50_s42,100.0
mx_lip_s2_hard_h25_s43,100.0
mx_lip_s2_hard_h50_s43,100.0
mx_lip_s2_hard_h25_s44,100.0
mx_lip_s2_hard_h50_s44,100.0
