amsw_a14_s0_e42,82.0
amsw_a14_s0_e43,96.0
amsw_a14_s0_e44,82.0
amsw_a14_s2_e42,86.0
amsw_a14_s2_e43,96.0
amsw_a14_s2_e44,80.0
amsw_a18_s0_e42,80.0
amsw_a18_s0_e43,94.0
amsw_a18_s0_e44,82.0
amsw_a18_s2_e42,88.0
amsw_a18_s2_e43,96.0
amsw_a18_s2_e44,86.0
amsw_a26_s0_e42,78.0
amsw_a26_s0_e43,90.0
amsw_a26_s0_e44,68.0
amsw_a26_s2_e42,88.0
amsw_a26_s2_e43,94.0
amsw_a26_s2_e44,78.0
amsw_a30_s0_e42,64.0
amsw_a30_s0_e43,80.0
amsw_a30_s0_e44,57.99999999999999
amsw_a30_s2_e42,70.0
amsw_a30_s2_e43,76.0
amsw_a30_s2_e44,66.0
amsw_a10_s0_e42,80.0
amsw_a10_s0_e43,90.0
amsw_a10_s0_e44,66.0
amsw_a10_s1_e42,82.0
amsw_a10_s1_e43,92.0
amsw_a10_s1_e44,70.0
amsw_a10_s2_e42,82.0
amsw_a10_s2_e43,90.0
amsw_a10_s2_e44,62.0
amsw_a12_s0_e42,84.0
amsw_a12_s0_e43,94.0
amsw_a12_s0_e44,68.0
amsw_a12_s1_e42,80.0
amsw_a12_s1_e43,92.0
amsw_a12_s1_e44,70.0
amsw_a12_s2_e42,86.0
amsw_a12_s2_e43,94.0
amsw_a12_s2_e44,74.0
amsw_a14_s1_e42,84.0
amsw_a14_s1_e43,96.0
amsw_a14_s1_e44,68.0
amsw_a16_s0_e42,82.0
amsw_a16_s0_e43,96.0
amsw_a16_s0_e44,78.0
amsw_a16_s1_e42,80.0
amsw_a16_s1_e43,96.0
amsw_a16_s1_e44,78.0
amsw_a16_s2_e42,88.0
amsw_a16_s2_e43,94.0
amsw_a16_s2_e44,86.0
amsw_a18_s1_e42,76.0
amsw_a18_s1_e43,96.0
amsw_a18_s1_e44,78.0
