dsp_pre_s0_e42,92.0
dsp_pre_s0_e43,92.0
dsp_pre_s0_e44,82.0
dsp_pre_s1_e42,90.0
dsp_pre_s1_e43,84.0
dsp_pre_s1_e44,84.0
dsp_pre_s2_e42,94.0
dsp_pre_s2_e43,92.0
dsp_pre_s2_e44,80.0
dsp_post_s0_e42,98.0
dsp_post_s0_e43,92.0
dsp_post_s0_e44,88.0
dsp_post_s1_e42,94.0
dsp_post_s1_e43,90.0
dsp_post_s1_e44,88.0
dsp_post_s2_e42,90.0
dsp_post_s2_e43,90.0
dsp_post_s2_e44,84.0
dsp_postfull_s0_e42,98.0
dsp_postfull_s0_e43,92.0
dsp_postfull_s0_e44,88.0
dsp_postfull_s1_e42,98.0
dsp_postfull_s1_e43,90.0
dsp_postfull_s1_e44,88.0
dsp_postfull_s2_e42,96.0
dsp_postfull_s2_e43,90.0
dsp_postfull_s2_e44,92.0
dsp_pre_s3_e42,88.0
dsp_pre_s3_e43,92.0
dsp_pre_s3_e44,82.0
dsp_pre_s4_e42,88.0
dsp_pre_s4_e43,88.0
dsp_pre_s4_e44,84.0
dsp_pre_s5_e42,88.0
dsp_pre_s5_e43,88.0
dsp_pre_s5_e44,80.0
dsp_postfull_s3_e42,90.0
dsp_postfull_s3_e43,90.0
dsp_postfull_s3_e44,88.0
dsp_postfull_s4_e42,90.0
dsp_postfull_s4_e43,92.0
dsp_postfull_s4_e44,88.0
dsp_postfull_s5_e42,86.0
dsp_postfull_s5_e43,90.0
dsp_postfull_s5_e44,86.0
dsp_f13_s0_e42,94.0
dsp_f13_s0_e43,90.0
dsp_f13_s0_e44,92.0
dsp_f13_s1_e42,94.0
dsp_f13_s1_e43,94.0
dsp_f13_s1_e44,84.0
dsp_f13_s2_e42,96.0
dsp_f13_s2_e43,94.0
dsp_f13_s2_e44,90.0
dsp_pool_s0_e42,90.0
dsp_pool_s0_e43,92.0
dsp_pool_s0_e44,88.0
dsp_pool_s1_e42,96.0
dsp_pool_s1_e43,92.0
dsp_pool_s1_e44,88.0
dsp_pool_s2_e42,96.0
dsp_pool_s2_e43,94.0
dsp_pool_s2_e44,94.0
pldm_lip_s0_e42,FAIL
pldm_lip_s0_e43,FAIL
pldm_lip_s0_e44,FAIL
pldm_lip_s1_e42,FAIL
pldm_lip_s1_e43,FAIL
pldm_lip_s1_e44,FAIL
pldm_lip_s2_e42,FAIL
pldm_lip_s2_e43,FAIL
pldm_lip_s2_e44,FAIL
lrsw_it16_s0_e42,92.0
lrsw_it16_s0_e43,92.0
lrsw_it16_s0_e44,84.0
lrsw_it16_s1_e42,90.0
lrsw_it16_s1_e43,86.0
lrsw_it16_s1_e44,84.0
lrsw_it16_s2_e42,90.0
lrsw_it16_s2_e43,92.0
lrsw_it16_s2_e44,80.0
lrsw_s12k_s0_e42,94.0
lrsw_s12k_s0_e43,92.0
lrsw_s12k_s0_e44,84.0
lrsw_s12k_s1_e42,90.0
lrsw_s12k_s1_e43,92.0
lrsw_s12k_s1_e44,80.0
lrsw_s12k_s2_e42,90.0
lrsw_s12k_s2_e43,92.0
lrsw_s12k_s2_e44,84.0
lrsw_alr_s0_e42,86.0
lrsw_alr_s0_e43,90.0
lrsw_alr_s0_e44,82.0
lrsw_alr_s1_e42,86.0
lrsw_alr_s1_e43,88.0
lrsw_alr_s1_e44,80.0
lrsw_alr_s2_e42,90.0
lrsw_alr_s2_e43,88.0
lrsw_alr_s2_e44,80.0
pldm_lip_s0_e42,68.0
pldm_lip_s0_e43,66.0
pldm_lip_s0_e44,66.0
pldm_lip_s1_e42,64.0
pldm_lip_s1_e43,66.0
pldm_lip_s1_e44,70.0
pldm_lip_s2_e42,80.0
pldm_lip_s2_e43,76.0
pldm_lip_s2_e44,72.0
pldm_cem_e42,64.0
pldm_cem_e43,66.0
pldm_cem_e44,68.0
pldm_cemtd_e42,72.0
pldm_cemtd_e43,74.0
pldm_cemtd_e44,74.0
s12kpost_s0_e42,88.0
s12kpost_s0_e43,92.0
s12kpost_s0_e44,88.0
s12kpost_s1_e42,100.0
s12kpost_s1_e43,94.0
s12kpost_s1_e44,92.0
s12kpost_s2_e42,86.0
s12kpost_s2_e43,92.0
s12kpost_s2_e44,88.0
pldm_a26_s0_e42,78.0
pldm_a26_s0_e43,70.0
pldm_a26_s0_e44,68.0
pldm_a26_s1_e42,78.0
pldm_a26_s1_e43,72.0
pldm_a26_s1_e44,74.0
pldm_a26_s2_e42,76.0
pldm_a26_s2_e43,68.0
pldm_a26_s2_e44,76.0
pldm_a35_s0_e42,70.0
pldm_a35_s0_e43,72.0
pldm_a35_s0_e44,78.0
pldm_a35_s1_e42,66.0
pldm_a35_s1_e43,72.0
pldm_a35_s1_e44,82.0
pldm_a35_s2_e42,74.0
pldm_a35_s2_e43,70.0
pldm_a35_s2_e44,78.0
pldm_h3_s0_e42,FAIL
pldm_h3_s0_e43,FAIL
pldm_h3_s0_e44,FAIL
pldm_h3_s1_e42,FAIL
pldm_h3_s1_e43,FAIL
pldm_h3_s1_e44,FAIL
pldm_h3_s2_e42,FAIL
pldm_h3_s2_e43,FAIL
pldm_h3_s2_e44,FAIL
pldm_h2_s0_e42,FAIL
pldm_h2_s0_e43,FAIL
pldm_h2_s0_e44,FAIL
pldm_h2_s1_e42,FAIL
pldm_h2_s1_e43,FAIL
pldm_h2_s1_e44,FAIL
pldm_h2_s2_e42,FAIL
pldm_h2_s2_e43,FAIL
pldm_h2_s2_e44,FAIL
pldm_a45_s0_e42,80.0
pldm_a45_s0_e43,78.0
pldm_a45_s0_e44,82.0
pldm_a45_s1_e42,72.0
pldm_a45_s1_e43,72.0
pldm_a45_s1_e44,78.0
pldm_a45_s2_e42,74.0
pldm_a45_s2_e43,70.0
pldm_a45_s2_e44,72.0
pldm_a45_s3_e42,74.0
pldm_a45_s3_e43,72.0
pldm_a45_s3_e44,74.0
pldm_a45_s4_e42,84.0
pldm_a45_s4_e43,68.0
pldm_a45_s4_e44,76.0
pldm_a45_s5_e42,74.0
pldm_a45_s5_e43,70.0
pldm_a45_s5_e44,72.0
pldm_a55_s0_e42,78.0
pldm_a55_s0_e43,74.0
pldm_a55_s0_e44,70.0
pldm_a55_s1_e42,70.0
pldm_a55_s1_e43,72.0
pldm_a55_s1_e44,70.0
pldm_a55_s2_e42,74.0
pldm_a55_s2_e43,66.0
pldm_a55_s2_e44,76.0
pldm_h3m_s0_e42,74.0
pldm_h2m_s0_e42,70.0
pldm_h3m_s0_e43,70.0
pldm_h2m_s0_e43,66.0
pldm_h3m_s0_e44,72.0
pldm_h2m_s0_e44,70.0
pldm_h3m_s1_e42,82.0
pldm_h2m_s1_e42,70.0
pldm_h3m_s1_e43,74.0
pldm_h2m_s1_e43,74.0
pldm_h3m_s1_e44,72.0
pldm_h2m_s1_e44,72.0
pldm_h3m_s2_e42,76.0
pldm_h2m_s2_e42,76.0
pldm_h3m_s2_e43,76.0
pldm_h2m_s2_e43,78.0
pldm_h3m_s2_e44,74.0
pldm_h2m_s2_e44,80.0
