v2hc_lip_a0_e42,64.0
v2hc_lip_a0_e42,66.0
v2hc_lip_a1_e42,84.0
v2hc_lip_a1_e42,84.0
v2hc_lip_a2_e42,90.0
v2hc_lip_a2_e42,90.0
v2hc_cem_e42,84.0
v2hc_cem_e42,82.0
v2hc_lip_a0_e43,80.0
v2hc_lip_a0_e43,80.0
v2hc_lip_a1_e43,90.0
v2hc_lip_a1_e43,90.0
v2hc_lip_a2_e43,96.0
v2hc_lip_a2_e43,96.0
v2hc_cem_e43,86.0
v2hc_cem_e43,88.0
v2hc_lip_a0_e44,57.99999999999999
v2hc_lip_a0_e44,57.99999999999999
v2hc_lip_a1_e44,FAIL
v2hc_lip_a1_e44,70.0
v2hc_lip_a2_e44,FAIL
v2hc_lip_a2_e44,82.0
v2hc_cem_e44,57.99999999999999
v2hc_cem_e44,57.99999999999999
