card_lv1ctrl_hard_h25_s42,100.0
card_lv1ctrl_hard_h25_s43,100.0
card_lv1ctrl_std_h50_s42,100.0
card_lv1ctrl_std_h25_s42,100.0
card_lv1ctrl_std_h25_s43,98.0
card_lv1ctrl_std_h25_s44,100.0
card_lv1ctrl_hard_h25_s44,100.0
card_lv1ctrl_hard_h50_s43,100.0
card_lv1ctrl_hard_h50_s42,100.0
card_lv1ctrl_hard_h50_s44,100.0
card_lv1ctrl_std_h50_s43,100.0
card_lv1ctrl_std_h50_s44,98.0
latent_std_h50_s42,62.0
latent_hard_h50_s42,70.0
m0_ng_hard_h25_s42,100.0
m0_base_std_h50_s42,100.0
m0_base_hard_h25_s42,98.0
m0_sched_hard_h25_s42,100.0
m0_ng_hard_h50_s42,100.0
m0_ng_std_h50_s42,100.0
m0_base_hard_h50_s42,100.0
m0_sched_hard_h50_s42,100.0
m0_sched_std_h50_s42,100.0
m0_md12_hard_h25_s42,96.0
m0_ax35_hard_h25_s42,96.0
m0_fullin_hard_h25_s42,96.0
m0_md12_hard_h50_s42,100.0
m0_ax35_hard_h50_s42,90.0
m0_md12_std_h50_s42,98.0
m0_fullin_hard_h50_s42,100.0
m0_fullin_std_h50_s42,100.0
m0_ax35_std_h50_s42,98.0
card_m0ng-s0_std_h25_s43,100.0
card_m0ng-s0_std_h25_s42,100.0
card_m0ng-s0_std_h50_s43,100.0
card_m0ng-s0_std_h25_s44,100.0
card_m0ng-s0_hard_h25_s42,100.0
card_m0ng-s0_std_h50_s42,100.0
card_m0ng-s0_std_h50_s44,100.0
card_m0ng-s0_hard_h25_s43,100.0
card_m0ng-s0_hard_h50_s42,100.0
card_m0ng-s0_hard_h50_s43,100.0
card_m0ng-s0_hard_h25_s44,96.0
card_m0sched-s0_std_h25_s42,100.0
card_m0sched-s0_std_h25_s43,100.0
card_m0sched-s0_std_h50_s42,100.0
card_m0sched-s0_std_h25_s44,100.0
card_m0sched-s0_std_h50_s43,100.0
card_m0ng-s0_hard_h50_s44,100.0
card_m0sched-s0_hard_h25_s42,100.0
card_m0sched-s0_std_h50_s44,100.0
card_m0sched-s0_hard_h50_s42,100.0
card_m0sched-s0_hard_h25_s43,100.0
card_m0sched-s0_hard_h25_s44,100.0
card_m0sched-s0_hard_h50_s43,100.0
card_m0sched-s0_hard_h50_s44,100.0
card_m0sched-s1_std_h25_s43,100.0
card_m0sched-s1_std_h25_s42,100.0
card_m0sched-s1_std_h25_s44,100.0
card_m0sched-s1_hard_h25_s42,100.0
card_m0sched-s1_std_h50_s44,100.0
card_m0sched-s1_std_h50_s42,100.0
card_m0sched-s1_std_h50_s43,100.0
card_m0sched-s1_hard_h50_s42,100.0
card_m0sched-s1_hard_h25_s43,100.0
card_m0sched-s1_hard_h25_s44,100.0
card_m0sched-s2_std_h25_s42,100.0
card_m0sched-s1_hard_h50_s43,100.0
card_m0sched-s2_std_h25_s43,100.0
card_m0sched-s2_std_h50_s42,100.0
card_m0sched-s1_hard_h50_s44,100.0
card_m0sched-s2_std_h50_s43,100.0
card_m0sched-s2_std_h25_s44,100.0
card_m0sched-s2_std_h50_s44,100.0
card_m0sched-s2_hard_h25_s42,100.0
card_m0sched-s2_hard_h25_s43,100.0
card_m0sched-s2_hard_h25_s44,98.0
card_m0sched-s2_hard_h50_s42,100.0
card_m0sched-s2_hard_h50_s43,100.0
card_m0sched-s2_hard_h50_s44,100.0
card_v4a20-s0_std_h25_s42,100.0
card_v4a20-s0_std_h25_s43,100.0
card_v4a20-s0_std_h25_s44,100.0
card_v4a20-s0_hard_h25_s42,100.0
card_v4a20-s0_std_h50_s43,100.0
card_v4a20-s0_std_h50_s42,100.0
card_v4a20-s0_std_h50_s44,100.0
card_v4a20-s0_hard_h50_s42,100.0
card_v4a20-s0_hard_h25_s43,100.0
card_v4a25-s0_std_h25_s42,100.0
card_v4a20-s0_hard_h25_s44,100.0
card_v4a20-s0_hard_h50_s43,100.0
card_v4a25-s0_std_h25_s43,100.0
card_v4a20-s0_hard_h50_s44,100.0
card_v4a25-s0_std_h50_s42,100.0
card_v4a25-s0_std_h25_s44,100.0
card_v4a25-s0_std_h50_s43,100.0
card_v4a25-s0_hard_h25_s43,100.0
card_v4a25-s0_hard_h25_s42,100.0
card_v4a25-s0_std_h50_s44,100.0
card_v4a25-s0_hard_h25_s44,98.0
card_v4a25-s0_hard_h50_s43,100.0
card_v4a25-s0_hard_h50_s42,100.0
card_v4a25-s1_std_h25_s42,98.0
card_v4a25-s1_std_h25_s43,100.0
card_v4a25-s1_std_h50_s42,100.0
card_v4a25-s0_hard_h50_s44,100.0
card_v4a25-s1_std_h50_s43,100.0
card_v4a25-s1_std_h25_s44,100.0
card_v4a25-s1_hard_h25_s42,100.0
card_v4a25-s2_std_h25_s42,100.0
card_v4a25-s1_hard_h25_s43,100.0
card_v4a25-s1_hard_h25_s44,96.0
card_v4a25-s1_std_h50_s44,100.0
card_v4a25-s2_std_h25_s43,100.0
card_v4a25-s2_std_h50_s42,100.0
card_v4a25-s1_hard_h50_s42,100.0
card_v4a25-s1_hard_h50_s44,100.0
card_v4a25-s1_hard_h50_s43,100.0
card_v4a25-s2_std_h25_s44,100.0
card_v4a25-s2_std_h50_s43,100.0
card_v4a25-s2_hard_h25_s42,100.0
card_v4a25-s2_std_h50_s44,100.0
card_v4a25-s2_hard_h25_s43,100.0
card_v4a25-s2_hard_h25_s44,100.0
card_v4a25-s2_hard_h50_s43,100.0
card_v4a25-s2_hard_h50_s42,100.0
card_v4a30-s0_std_h25_s42,100.0
card_v4a25-s2_hard_h50_s44,100.0
card_v4a30-s0_std_h25_s43,100.0
card_v4a30-s0_std_h50_s42,100.0
card_v4a30-s0_std_h25_s44,100.0
card_v4a30-s0_std_h50_s43,100.0
card_v4a30-s0_hard_h25_s42,98.0
card_v4a30-s0_std_h50_s44,100.0
card_v4hs-s0_std_h25_s42,100.0
card_v4a30-s0_hard_h25_s43,98.0
card_v4a30-s0_hard_h25_s44,94.0
card_v4a30-s0_hard_h50_s42,100.0
card_v4a30-s0_hard_h50_s44,100.0
card_v4hs-s0_std_h25_s43,100.0
card_v4a30-s0_hard_h50_s43,98.0
card_v4hs-s0_std_h50_s42,94.0
card_v4hs-s0_std_h25_s44,100.0
card_v4hs-s0_hard_h25_s42,96.0
card_v4hs-s0_hard_h25_s43,96.0
card_v4hs-s0_std_h50_s43,92.0
card_v4hs-s0_hard_h25_s44,98.0
card_v4hs-s1_std_h25_s42,98.0
card_v4hs-s0_std_h50_s44,98.0
card_v4hs-s0_hard_h50_s43,96.0
card_v4hs-s1_std_h50_s42,100.0
card_v4hs-s0_hard_h50_s42,96.0
card_v4hs-s1_std_h25_s43,100.0
card_v4hs-s0_hard_h50_s44,88.0
card_v4hs-s1_std_h25_s44,98.0
card_v4hs-s1_std_h50_s43,98.0
card_v4hs-s1_std_h50_s44,100.0
card_v4hs-s1_hard_h25_s42,98.0
card_v4hs-s1_hard_h25_s43,100.0
card_v4hs-s1_hard_h25_s44,98.0
card_v4hs-s2_std_h25_s42,100.0
card_v4hs-s2_std_h25_s43,100.0
card_v4hs-s1_hard_h50_s42,100.0
card_v4hs-s1_hard_h50_s43,98.0
card_v4hs-s2_std_h50_s42,100.0
card_v4hs-s1_hard_h50_s44,100.0
card_v4hs-s2_std_h25_s44,100.0
card_v4hs-s2_hard_h25_s42,100.0
card_v4hs-s2_std_h50_s43,100.0
card_v4hs-s2_hard_h25_s43,98.0
card_v4hs-s2_std_h50_s44,100.0
card_v4hs-s2_hard_h50_s42,100.0
card_v4hs-s2_hard_h25_s44,98.0
card_v4hs-s2_hard_h50_s43,100.0
card_v4hs-s2_hard_h50_s44,100.0
card_v4a20-s1_std_h25_s44,100.0
card_v4a20-s1_std_h25_s43,100.0
card_v4a20-s1_std_h25_s42,100.0
card_v4a20-s1_std_h50_s42,100.0
card_v4a20-s1_std_h50_s43,100.0
card_v4a20-s1_std_h50_s44,100.0
card_v4a20-s1_hard_h25_s42,100.0
card_v4a20-s1_hard_h50_s42,100.0
card_v4a20-s1_hard_h25_s43,100.0
card_v4a20-s2_std_h25_s42,100.0
card_v4a20-s1_hard_h25_s44,100.0
card_v4a20-s1_hard_h50_s43,100.0
card_v4a20-s2_std_h25_s43,100.0
card_v4a20-s2_std_h25_s44,100.0
card_v4a20-s1_hard_h50_s44,100.0
card_v4a20-s2_std_h50_s42,100.0
card_v4a20-s2_std_h50_s43,100.0
card_v4a20-s2_hard_h25_s42,100.0
card_v4a20-s2_std_h50_s44,98.0
card_v4a20-s2_hard_h25_s43,100.0
card_v4a20-s2_hard_h25_s44,100.0
card_v4a20-s2_hard_h50_s44,100.0
card_v4a20-s2_hard_h50_s42,98.0
card_v4a20-s2_hard_h50_s43,100.0
random_std_h25_s42,18.0
random_std_h25_s43,22.0
random_std_h50_s42,12.0
latent_std_h25_s43,84.0
random_std_h50_s43,8.0
latent_std_h25_s42,88.0
random_std_h25_s44,22.0
latent_std_h25_s44,80.0
random_std_h50_s44,10.0
random_hard_h25_s42,14.000000000000002
latent_std_h50_s43,57.99999999999999
random_hard_h50_s42,4.0
latent_hard_h25_s42,84.0
random_hard_h25_s43,16.0
latent_std_h50_s44,54.0
random_hard_h50_s43,0.0
random_hard_h25_s44,10.0
latent_hard_h25_s43,84.0
latent_hard_h25_s44,80.0
r8probe_v4a20s2_std_h50_s44,100.0
random_hard_h50_s44,2.0
r8probe_v4a20s2_hard_h50_s42,100.0
latent_hard_h50_s43,72.0
latent_hard_h50_s44,62.0
card_v4a20r8-s0_std_h25_s42,100.0
card_v4a20r8-s0_std_h25_s44,100.0
card_v4a20r8-s0_std_h50_s42,100.0
card_v4a20r8-s0_std_h25_s43,100.0
card_v4a20r8-s0_hard_h25_s43,100.0
card_v4a20r8-s0_hard_h25_s42,100.0
card_v4a20r8-s0_std_h50_s44,100.0
card_v4a20r8-s0_std_h50_s43,98.0
card_v4a20r8-s0_hard_h50_s42,100.0
card_v4a20r8-s0_hard_h50_s43,100.0
card_v4a20r8-s1_std_h25_s42,100.0
card_v4a20r8-s0_hard_h25_s44,100.0
card_v4a20r8-s0_hard_h50_s44,100.0
card_v4a20r8-s1_std_h25_s43,100.0
card_v4a20r8-s1_std_h25_s44,100.0
card_v4a20r8-s1_std_h50_s43,100.0
card_v4a20r8-s1_std_h50_s42,100.0
card_v4a20r8-s1_std_h50_s44,100.0
card_v4a20r8-s1_hard_h50_s42,100.0
card_v4a20r8-s1_hard_h25_s42,100.0
card_v4a20r8-s1_hard_h25_s43,100.0
card_v4a20r8-s1_hard_h25_s44,100.0
card_v4a20r8-s2_std_h25_s42,100.0
card_v4a20r8-s1_hard_h50_s43,100.0
card_v4a20r8-s1_hard_h50_s44,100.0
card_v4a20r8-s2_std_h25_s43,100.0
card_v4a20r8-s2_std_h50_s42,100.0
card_v4a20r8-s2_std_h25_s44,100.0
card_v4a20r8-s2_hard_h25_s42,100.0
card_v4a20r8-s2_std_h50_s44,100.0
card_v4a20r8-s2_std_h50_s43,100.0
card_v4a20r8-s2_hard_h50_s42,100.0
card_v4a20r8-s2_hard_h25_s43,100.0
card_v4a20r8-s2_hard_h25_s44,100.0
card_v4a20r8-s2_hard_h50_s44,100.0
card_v4a20r8-s2_hard_h50_s43,100.0
card_v4a20rm4-s0_std_h25_s42,100.0
card_v4a20rm4-s0_std_h25_s43,100.0
card_v4a20rm4-s0_hard_h25_s42,100.0
card_v4a20rm4-s0_std_h25_s44,100.0
card_v4a20rm4-s0_std_h50_s42,100.0
card_v4a20rm4-s0_std_h50_s44,100.0
card_v4a20rm4-s0_std_h50_s43,100.0
card_v4a20rm4-s0_hard_h50_s42,100.0
card_v4a20rm4-s0_hard_h25_s43,100.0
card_v4a20rm4-s1_std_h25_s42,100.0
card_v4a20rm4-s0_hard_h50_s43,100.0
card_v4a20rm4-s0_hard_h25_s44,100.0
card_v4a20rm4-s1_std_h25_s43,100.0
card_v4a20rm4-s1_std_h25_s44,100.0
card_v4a20rm4-s1_std_h50_s44,100.0
card_v4a20rm4-s1_hard_h25_s42,100.0
card_v4a20rm4-s1_std_h50_s42,100.0
card_v4a20rm4-s0_hard_h50_s44,98.0
card_v4a20rm4-s1_std_h50_s43,100.0
card_v4a20rm4-s1_hard_h50_s42,100.0
card_v4a20rm4-s1_hard_h25_s43,100.0
card_v4a20rm4-s1_hard_h25_s44,100.0
card_v4a20rm4-s2_std_h25_s42,100.0
card_v4a20rm4-s1_hard_h50_s43,100.0
card_v4a20rm4-s1_hard_h50_s44,100.0
card_v4a20rm4-s2_std_h25_s43,100.0
card_v4a20rm4-s2_std_h50_s42,100.0
card_v4a20rm4-s2_std_h25_s44,100.0
card_v4a20rm4-s2_std_h50_s43,100.0
card_v4a20rm4-s2_std_h50_s44,100.0
card_v4a20rm4-s2_hard_h25_s42,100.0
card_v4a20rm4-s2_hard_h25_s43,100.0
card_v4a20rm4-s2_hard_h50_s42,100.0
card_v4a20rm4-s2_hard_h25_s44,100.0
card_v4a20rm4-s2_hard_h50_s43,100.0
card_v4a20rm4-s2_hard_h50_s44,100.0
card_v4a20n025-s0_std_h25_s42,100.0
card_v4a20n025-s0_hard_h25_s43,100.0
card_v4a20n025-s0_std_h25_s43,100.0
card_v4a20n025-s0_std_h25_s44,100.0
card_v4a20n025-s0_hard_h25_s42,100.0
card_v4a20n025-s0_hard_h50_s42,100.0
card_v4a20n025-s0_std_h50_s42,100.0
card_v4a20n025-s0_std_h50_s43,100.0
card_v4a20n025-s0_std_h50_s44,100.0
card_v4a20n025-s0_hard_h50_s43,100.0
card_v4a20n025-s0_hard_h25_s44,100.0
card_v4a20n025-s1_std_h25_s42,100.0
card_v4a20n025-s0_hard_h50_s44,100.0
card_v4a20n025-s1_std_h50_s43,100.0
card_v4a20n025-s1_std_h50_s42,100.0
card_v4a20n025-s1_std_h25_s43,100.0
card_v4a20n025-s1_std_h25_s44,100.0
card_v4a20n025-s1_hard_h25_s42,100.0
card_v4a20n025-s1_std_h50_s44,100.0
card_v4a20n025-s1_hard_h50_s42,100.0
card_v4a20n025-s1_hard_h25_s43,100.0
card_v4a20n025-s1_hard_h50_s43,100.0
card_v4a20n025-s2_std_h25_s42,100.0
card_v4a20n025-s1_hard_h25_s44,100.0
card_v4a20n025-s1_hard_h50_s44,100.0
card_v4a20n025-s2_std_h25_s43,100.0
card_v4a20n025-s2_std_h25_s44,100.0
card_v4a20n025-s2_hard_h25_s42,100.0
card_v4a20n025-s2_std_h50_s42,100.0
card_v4a20n025-s2_std_h50_s43,100.0
card_v4a20n025-s2_std_h50_s44,100.0
card_v4a20n025-s2_hard_h25_s43,100.0
card_v4a20n025-s2_hard_h50_s42,100.0
card_v4a20n025-s2_hard_h50_s43,100.0
card_v4a20n025-s2_hard_h25_s44,100.0
card_v4a20n025-s2_hard_h50_s44,100.0
card_v4bax18-s0_std_h25_s42,100.0
card_v4bax18-s0_std_h25_s43,100.0
card_v4bax18-s0_std_h50_s42,100.0
card_v4bax18-s0_std_h25_s44,100.0
card_v4bax18-s0_std_h50_s43,100.0
card_v4bax18-s0_std_h50_s44,100.0
card_v4bax18-s0_hard_h25_s42,100.0
card_v4bax18-s0_hard_h50_s42,100.0
card_v4bax18-s0_hard_h25_s43,100.0
card_v4bax18-s0_hard_h25_s44,100.0
card_v4bax18-s0_hard_h50_s43,100.0
card_v4bax18-s1_std_h25_s44,100.0
card_v4bax18-s1_std_h25_s43,100.0
card_v4bax18-s1_std_h25_s42,98.0
card_v4bax18-s0_hard_h50_s44,100.0
card_v4bax18-s1_std_h50_s43,100.0
card_v4bax18-s1_hard_h25_s42,100.0
card_v4bax18-s1_std_h50_s44,100.0
card_v4bax18-s1_std_h50_s42,98.0
card_v4bax18-s1_hard_h25_s43,100.0
card_v4bax18-s1_hard_h25_s44,100.0
card_v4bax18-s2_std_h25_s42,100.0
card_v4bax18-s1_hard_h50_s43,100.0
card_v4bax18-s2_std_h50_s42,100.0
card_v4bax18-s2_std_h25_s43,100.0
card_v4bax18-s1_hard_h50_s42,98.0
card_v4bax18-s2_std_h25_s44,100.0
card_v4bax18-s2_std_h50_s43,100.0
card_v4bax18-s1_hard_h50_s44,100.0
card_v4bax18-s2_hard_h25_s43,100.0
card_v4bax18-s2_hard_h25_s42,100.0
card_v4bax18-s2_std_h50_s44,98.0
card_v4bax18-s2_hard_h25_s44,100.0
card_v4bax18-s2_hard_h50_s42,98.0
card_v4bax22-s0_std_h25_s42,100.0
card_v4bax18-s2_hard_h50_s43,100.0
card_v4bax22-s0_std_h25_s43,100.0
card_v4bax22-s0_std_h50_s42,100.0
card_v4bax18-s2_hard_h50_s44,100.0
card_v4bax22-s0_std_h25_s44,100.0
card_v4bax22-s0_std_h50_s43,100.0
card_v4bax22-s0_hard_h25_s42,100.0
card_v4bax22-s0_hard_h25_s43,100.0
card_v4bax22-s0_std_h50_s44,100.0
card_v4bax22-s1_std_h25_s42,100.0
card_v4bax22-s0_hard_h50_s42,100.0
card_v4bax22-s0_hard_h25_s44,100.0
card_v4bax22-s0_hard_h50_s43,100.0
card_v4bax22-s1_std_h25_s43,100.0
card_v4bax22-s0_hard_h50_s44,100.0
card_v4bax22-s1_std_h50_s43,100.0
card_v4bax22-s1_std_h50_s42,98.0
card_v4bax22-s1_std_h25_s44,100.0
card_v4bax22-s1_hard_h25_s42,100.0
card_v4bax22-s1_std_h50_s44,100.0
card_v4bax22-s2_std_h25_s42,100.0
card_v4bax22-s1_hard_h25_s43,100.0
card_v4bax22-s1_hard_h50_s43,100.0
card_v4bax22-s1_hard_h25_s44,100.0
card_v4bax22-s1_hard_h50_s42,100.0
card_v4bax22-s2_std_h50_s42,100.0
card_v4bax22-s1_hard_h50_s44,100.0
card_v4bax22-s2_std_h25_s43,100.0
card_v4bax22-s2_std_h50_s43,100.0
card_v4bax22-s2_std_h25_s44,100.0
card_v4bmw03-s0_std_h25_s42,100.0
card_v4bax22-s2_std_h50_s44,100.0
card_v4bax22-s2_hard_h25_s43,100.0
card_v4bax22-s2_hard_h25_s44,100.0
card_v4bax22-s2_hard_h50_s42,100.0
card_v4bax22-s2_hard_h25_s42,100.0
card_v4bmw03-s0_std_h25_s43,100.0
card_v4bmw03-s0_std_h50_s42,100.0
card_v4bax22-s2_hard_h50_s43,100.0
card_v4bax22-s2_hard_h50_s44,100.0
card_v4bmw03-s0_std_h25_s44,100.0
card_v4bmw03-s0_std_h50_s43,100.0
card_v4bmw03-s0_hard_h25_s44,100.0
card_v4bmw03-s0_hard_h25_s42,100.0
card_v4bmw03-s0_hard_h50_s43,100.0
card_v4bmw03-s0_std_h50_s44,100.0
card_v4bmw03-s0_hard_h25_s43,98.0
card_v4bmw03-s0_hard_h50_s42,100.0
card_v4bmw03-s1_std_h25_s42,98.0
card_v4bmw03-s1_std_h25_s43,100.0
card_v4bmw03-s0_hard_h50_s44,100.0
card_v4bmw03-s1_std_h50_s42,100.0
card_v4bmw03-s1_std_h25_s44,100.0
card_v4bmw03-s1_std_h50_s43,100.0
card_v4bmw03-s1_hard_h25_s43,100.0
card_v4bmw03-s1_hard_h25_s42,100.0
card_v4bmw03-s2_std_h25_s42,100.0
card_v4bmw03-s1_std_h50_s44,100.0
card_v4bmw03-s2_std_h50_s42,100.0
card_v4bmw03-s1_hard_h25_s44,98.0
card_v4bmw03-s2_std_h25_s43,100.0
card_v4bmw03-s1_hard_h50_s43,100.0
card_v4bmw03-s1_hard_h50_s42,100.0
card_v4bmw03-s2_std_h25_s44,100.0
card_v4bmw03-s1_hard_h50_s44,100.0
card_v4bmw03-s2_std_h50_s43,98.0
card_v4bst6k-s0_std_h25_s42,100.0
card_v4bmw03-s2_hard_h25_s42,98.0
card_v4bmw03-s2_std_h50_s44,100.0
card_v4bmw03-s2_hard_h25_s43,100.0
card_v4bst6k-s0_std_h25_s43,100.0
card_v4bst6k-s0_std_h50_s42,100.0
card_v4bmw03-s2_hard_h25_s44,100.0
card_v4bst6k-s0_std_h50_s43,100.0
card_v4bmw03-s2_hard_h50_s42,100.0
card_v4bmw03-s2_hard_h50_s44,100.0
card_v4bmw03-s2_hard_h50_s43,100.0
card_v4bst6k-s0_std_h25_s44,100.0
card_v4bst6k-s0_hard_h50_s42,100.0
card_v4bst6k-s1_std_h25_s43,100.0
card_v4bst6k-s0_hard_h25_s44,100.0
card_v4bst6k-s1_std_h25_s42,100.0
card_v4bst6k-s0_hard_h25_s42,98.0
card_v4bst6k-s0_hard_h25_s43,96.0
card_v4bst6k-s0_std_h50_s44,100.0
card_v4bst6k-s1_std_h50_s42,100.0
card_v4bst6k-s1_std_h25_s44,100.0
card_v4bst6k-s0_hard_h50_s43,100.0
card_v4bst6k-s0_hard_h50_s44,100.0
card_v4bst6k-s1_std_h50_s43,100.0
card_v4bst6k-s1_hard_h25_s44,100.0
card_v4bst6k-s2_std_h25_s42,100.0
card_v4bst6k-s1_hard_h25_s42,100.0
card_v4bst6k-s1_hard_h25_s43,100.0
card_v4bst6k-s1_hard_h50_s43,100.0
card_v4bst6k-s1_hard_h50_s42,100.0
card_v4bst6k-s2_std_h25_s44,100.0
card_v4bst6k-s2_std_h25_s43,100.0
card_v4bst6k-s1_std_h50_s44,100.0
card_v4bst6k-s1_hard_h50_s44,100.0
card_v4bst6k-s2_std_h50_s42,100.0
card_v4bst6k-s2_std_h50_s43,100.0
card_v4bst6k-s2_hard_h25_s42,100.0
card_v4bst6k-s2_hard_h25_s43,100.0
card_v4bst6k-s2_hard_h25_s44,100.0
card_v4bst6k-s2_hard_h50_s42,100.0
card_v4bst6k-s2_std_h50_s44,100.0
card_v4bst6k-s2_hard_h50_s43,100.0
card_v4bst6k-s2_hard_h50_s44,98.0
card_v4cmd12-s0_std_h25_s42,100.0
card_v4cmd12-s0_std_h25_s44,100.0
card_v4cmd12-s0_std_h25_s43,100.0
card_v4cmd12-s0_std_h50_s42,100.0
card_v4cmd12-s0_std_h50_s43,100.0
card_v4cmd12-s0_hard_h25_s42,100.0
card_v4cmd12-s0_hard_h50_s42,100.0
card_v4cmd12-s0_hard_h25_s43,100.0
card_v4cmd12-s0_std_h50_s44,100.0
card_v4cmd12-s0_hard_h25_s44,100.0
card_v4cmd12-s1_std_h25_s42,100.0
card_v4cmd12-s0_hard_h50_s43,100.0
card_v4cmd12-s1_std_h50_s42,100.0
card_v4cmd12-s1_std_h25_s43,100.0
card_v4cmd12-s1_std_h25_s44,100.0
card_v4cmd12-s0_hard_h50_s44,100.0
card_v4cmd12-s1_hard_h25_s42,100.0
card_v4cmd12-s1_std_h50_s43,100.0
card_v4cmd12-s1_std_h50_s44,100.0
card_v4cmd12-s1_hard_h25_s43,100.0
card_v4cmd12-s1_hard_h25_s44,100.0
card_v4cmd12-s1_hard_h50_s42,100.0
card_v4cmd12-s2_std_h25_s42,100.0
card_v4cmd12-s1_hard_h50_s43,100.0
card_v4cmd12-s1_hard_h50_s44,100.0
card_v4cmd12-s2_std_h25_s43,100.0
card_v4cmd12-s2_std_h50_s42,100.0
card_v4cmd12-s2_std_h25_s44,100.0
card_v4cmd12-s2_std_h50_s43,100.0
card_v4cmd12-s2_hard_h25_s42,100.0
card_v4cmd12-s2_hard_h25_s43,100.0
card_v4cmd12-s2_std_h50_s44,100.0
card_v4cmd12-s2_hard_h25_s44,100.0
card_v4cpc05-s0_std_h25_s42,100.0
card_v4cmd12-s2_hard_h50_s43,100.0
card_v4cmd12-s2_hard_h50_s44,100.0
card_v4cmd12-s2_hard_h50_s42,100.0
card_v4cpc05-s0_std_h25_s43,100.0
card_v4cpc05-s0_std_h25_s44,100.0
card_v4cpc05-s0_std_h50_s42,100.0
card_v4cpc05-s0_std_h50_s43,100.0
card_v4cpc05-s0_std_h50_s44,100.0
card_v4cpc05-s0_hard_h25_s42,100.0
card_v4cpc05-s0_hard_h25_s43,100.0
card_v4cpc05-s1_std_h25_s42,100.0
card_v4cpc05-s0_hard_h50_s42,100.0
card_v4cpc05-s0_hard_h25_s44,100.0
card_v4cpc05-s1_std_h50_s42,100.0
card_v4cpc05-s0_hard_h50_s44,100.0
card_v4cpc05-s1_std_h25_s44,100.0
card_v4cpc05-s1_std_h25_s43,100.0
card_v4cpc05-s0_hard_h50_s43,100.0
card_v4cpc05-s1_std_h50_s43,100.0
card_v4cpc05-s1_hard_h25_s42,100.0
card_v4cpc05-s1_hard_h50_s42,100.0
card_v4cpc05-s1_std_h50_s44,100.0
card_v4cpc05-s1_hard_h25_s43,100.0
card_v4cpc05-s1_hard_h25_s44,100.0
card_v4cpc05-s2_std_h25_s42,100.0
card_v4cpc05-s1_hard_h50_s43,100.0
card_v4cpc05-s2_std_h25_s43,100.0
card_v4cpc05-s2_std_h50_s42,100.0
card_v4cpc05-s2_std_h50_s43,100.0
card_v4cpc05-s2_std_h25_s44,100.0
card_v4cpc05-s1_hard_h50_s44,100.0
card_v4cpc05-s2_std_h50_s44,100.0
card_v4cpc05-s2_hard_h25_s43,98.0
card_v4cpc05-s2_hard_h25_s42,100.0
card_v4cpc05-s2_hard_h25_s44,100.0
card_v4cax22-s3_std_h25_s42,100.0
card_v4cpc05-s2_hard_h50_s43,100.0
card_v4cax22-s3_std_h25_s43,100.0
card_v4cpc05-s2_hard_h50_s42,100.0
card_v4cpc05-s2_hard_h50_s44,100.0
card_v4cax22-s3_std_h50_s42,100.0
card_v4cax22-s3_std_h25_s44,100.0
card_v4cax22-s3_std_h50_s43,100.0
card_v4cax22-s3_std_h50_s44,100.0
card_v4cax22-s3_hard_h25_s42,100.0
card_v4cax22-s3_hard_h50_s42,100.0
card_v4cax22-s3_hard_h25_s43,100.0
card_v4cax22-s3_hard_h25_s44,100.0
card_v4cax22-s4_std_h25_s42,100.0
card_v4cax22-s4_std_h50_s42,100.0
card_v4cax22-s4_std_h25_s43,100.0
card_v4cax22-s3_hard_h50_s43,100.0
card_v4cax22-s3_hard_h50_s44,100.0
card_v4cax22-s4_std_h25_s44,100.0
card_v4cax22-s4_std_h50_s43,100.0
card_v4cax22-s4_hard_h25_s42,98.0
card_v4cax22-s4_std_h50_s44,100.0
card_v4cax22-s5_std_h25_s42,100.0
card_v4cax22-s4_hard_h25_s43,100.0
card_v4cax22-s4_hard_h50_s42,100.0
card_v4cax22-s4_hard_h25_s44,100.0
card_v4cax22-s5_std_h25_s43,100.0
card_v4cax22-s5_std_h50_s42,100.0
card_v4cax22-s4_hard_h50_s43,100.0
card_v4cax22-s5_std_h25_s44,100.0
card_v4cax22-s5_std_h50_s43,100.0
card_v4cax22-s4_hard_h50_s44,98.0
card_v4cax22-s5_hard_h25_s43,100.0
card_v4cax22-s5_std_h50_s44,100.0
card_v4cax22-s5_hard_h25_s42,100.0
card_v4cax22-s5_hard_h25_s44,96.0
card_v4cax22-s5_hard_h50_s42,100.0
card_v4cax22-s5_hard_h50_s43,100.0
card_v4cax22-s5_hard_h50_s44,100.0
