anchor_lip_h25_s42,88.0
anchor_tdcem_h25_s42,82.0
lipac_warm_h25_s42,88.0
lipac_expand03_h25_s42,86.0
lipac_fresh_h25_s42,84.0
lipac_nofreeze_h25_s42,88.0
lipac_nofreeze_h50_s42,74.0
lipac_fresh_h50_s42,68.0
lipac_warm_h50_s42,74.0
lipac_expand03_h50_s42,68.0
accem_nofreeze_h25_s42,74.0
accem_expand03_h25_s42,78.0
accem_fresh_h25_s42,64.0
accem_warm_h25_s42,68.0
accem_fresh_h50_s42,60.0
accem_expand03_h50_s42,60.0
accem_warm_h50_s42,62.0
accem_nofreeze_h50_s42,54.0
lipacwin_warm_h25_s43,92.0
lipacwin_warm_h25_s42,88.0
lipacwin_warm_h25_s44,76.0
lipacwin_warm_h50_s43,86.0
lipacwin_warm_h50_s42,74.0
lipacwin_warm_h50_s44,62.0
rstA_warm_r8m4_h25_s42,82.0
rstA_warm_r8m0_h25_s42,84.0
anchor_lip_h25_s44,78.0
lipac_warm_h25_s44,76.0
rstA_seq_r8m0_h25_s42,88.0
rstA_seq_r8m4_h25_s42,86.0
rstA_warm_r8m4_h25_s44,76.0
rstA_warm_r8m0_h25_s44,76.0
rstA_seq_r8m4_h25_s44,72.0
rstA_seq_r8m0_h25_s44,72.0
lipac90_sched_h25_s42,86.0
lipac90_md5_h25_s42,86.0
lipac90_schedamax_h25_s42,88.0
lipac90_amax35_h25_s42,78.0
lipac90_schedamax_h25_s44,80.0
lipac90_md5_h25_s44,76.0
lipac90_sched_h25_s44,72.0
lipac90_amax35_h25_s44,74.0
win90_schedamax_h25_s43,96.0
win90_schedamax_h25_s42,88.0
win90_schedamax_h25_s44,80.0
win90_schedamax_h50_s42,74.0
lipac90b_t02_h25_s42,84.0
lipac90b_seed2_h25_s42,90.0
lipac90b_slow12k_h25_s42,82.0
lipac90b_seed1_h25_s42,78.0
lipac90b_t02_h25_s44,78.0
lipac90b_seed2_h25_s44,78.0
lipac90b_seed1_h25_s44,76.0
lipac90b_slow12k_h25_s44,78.0
