f1k_base_s0_e42,held=44.0,held10=88.0
f1k_base_s0_e43,held=38.0,held10=92.0
f1k_base_s0_e44,held=50.0,held10=88.0
f1k_base_s0_e45,held=28.0,held10=94.0
f1k_base_s0_e46,held=46.0,held10=92.0
f1k_base_s0_e47,held=48.0,held10=92.0
f1k_base_s1_e42,held=38.0,held10=92.0
f1k_base_s1_e43,held=40.0,held10=96.0
f1k_base_s1_e44,held=50.0,held10=94.0
f1k_base_s1_e45,held=52.0,held10=92.0
f1k_base_s1_e46,held=46.0,held10=86.0
f1k_base_s1_e47,held=48.0,held10=86.0
f1k_base_s2_e42,held=40.0,held10=84.0
f1k_base_s2_e43,held=42.0,held10=78.0
f1k_base_s2_e44,held=32.0,held10=84.0
f1k_base_s2_e45,held=46.0,held10=82.0
f1k_base_s2_e46,held=38.0,held10=78.0
f1k_base_s2_e47,held=34.0,held10=84.0
f1k_lr1e4_s0_e42,held=38.0,held10=84.0
f1k_lr1e4_s0_e43,held=40.0,held10=84.0
f1k_lr1e4_s0_e44,held=42.0,held10=78.0
f1k_lr1e4_s0_e45,held=40.0,held10=82.0
f1k_lr1e4_s0_e46,held=44.0,held10=84.0
f1k_lr1e4_s0_e47,held=30.0,held10=84.0
f1k_lr1e4_s1_e42,held=60.0,held10=88.0
f1k_lr1e4_s1_e43,held=46.0,held10=90.0
f1k_lr1e4_s1_e44,held=60.0,held10=92.0
f1k_lr1e4_s1_e45,held=58.0,held10=96.0
f1k_lr1e4_s1_e46,held=56.0,held10=92.0
f1k_lr1e4_s1_e47,held=50.0,held10=92.0
f1k_lr1e4_s2_e42,held=46.0,held10=86.0
f1k_lr1e4_s2_e43,held=42.0,held10=92.0
f1k_lr1e4_s2_e44,held=40.0,held10=88.0
f1k_lr1e4_s2_e45,held=42.0,held10=92.0
f1k_lr1e4_s2_e46,held=48.0,held10=88.0
f1k_lr1e4_s2_e47,held=42.0,held10=90.0
f1k_gearly_s0_e42,held=40.0,held10=88.0
f1k_gearly_s0_e43,held=42.0,held10=88.0
f1k_gearly_s0_e44,held=42.0,held10=90.0
f1k_gearly_s0_e45,held=44.0,held10=92.0
f1k_gearly_s0_e46,held=36.0,held10=94.0
f1k_gearly_s0_e47,held=30.0,held10=94.0
f1k_gearly_s1_e42,held=30.0,held10=86.0
f1k_gearly_s1_e43,held=30.0,held10=88.0
f1k_gearly_s1_e44,held=38.0,held10=86.0
f1k_gearly_s1_e45,held=38.0,held10=88.0
f1k_gearly_s1_e46,held=42.0,held10=88.0
f1k_gearly_s1_e47,held=32.0,held10=82.0
f1k_gearly_s2_e42,held=36.0,held10=82.0
f1k_gearly_s2_e43,held=38.0,held10=86.0
f1k_gearly_s2_e44,held=48.0,held10=86.0
f1k_gearly_s2_e45,held=42.0,held10=88.0
f1k_gearly_s2_e46,held=42.0,held10=90.0
f1k_gearly_s2_e47,held=44.0,held10=90.0
