es_base_s0_1000_sel50,held=34.0,held10=94.0
es_base_s0_1000_sel51,held=48.0,held10=98.0
es_base_s0_2000_sel50,held=16.0,held10=76.0
es_base_s0_2000_sel51,held=30.0,held10=94.0
es_base_s0_3000_sel50,held=14.0,held10=72.0
es_base_s0_3000_sel51,held=22.0,held10=84.0
es_base_s0_4000_sel50,held=16.0,held10=68.0
es_base_s0_4000_sel51,held=18.0,held10=82.0
es_base_s0_5000_sel50,held=10.0,held10=70.0
es_base_s0_5000_sel51,held=14.0,held10=82.0
es_base_s0_6000_sel50,held=8.0,held10=60.0
es_base_s0_6000_sel51,held=10.0,held10=64.0
es_base_s0_7000_sel50,held=2.0,held10=56.0
es_base_s0_7000_sel51,held=18.0,held10=62.0
es_base_s0_final_sel50,held=4.0,held10=58.0
es_base_s0_final_sel51,held=16.0,held10=58.0
es_base_s0_SEL_e42,held=44.0,held10=88.0
es_base_s0_SEL_e43,held=38.0,held10=92.0
es_base_s0_SEL_e44,held=50.0,held10=88.0
es_base_s0_SEL_e45,held=28.0,held10=94.0
es_base_s0_SEL_e46,held=46.0,held10=92.0
es_base_s0_SEL_e47,held=48.0,held10=92.0
es_base_s0_FIN_e42,held=8.0,held10=62.0
es_base_s0_FIN_e43,held=16.0,held10=70.0
es_base_s0_FIN_e44,held=4.0,held10=62.0
es_base_s0_FIN_e45,held=4.0,held10=56.0
es_base_s0_FIN_e46,held=4.0,held10=72.0
es_base_s0_FIN_e47,held=4.0,held10=54.0
es_base_s1_1000_sel50,held=54.0,held10=86.0
es_base_s1_1000_sel51,held=60.0,held10=96.0
es_base_s1_2000_sel50,held=58.0,held10=96.0
es_base_s1_2000_sel51,held=62.0,held10=96.0
es_base_s1_3000_sel50,held=58.0,held10=92.0
es_base_s1_3000_sel51,held=60.0,held10=98.0
es_base_s1_4000_sel50,held=56.0,held10=94.0
es_base_s1_4000_sel51,held=58.0,held10=96.0
es_base_s1_5000_sel50,held=56.0,held10=92.0
es_base_s1_5000_sel51,held=62.0,held10=96.0
es_base_s1_6000_sel50,held=54.0,held10=94.0
es_base_s1_6000_sel51,held=56.0,held10=94.0
es_base_s1_7000_sel50,held=56.0,held10=90.0
es_base_s1_7000_sel51,held=54.0,held10=98.0
es_base_s1_final_sel50,held=60.0,held10=88.0
es_base_s1_final_sel51,held=52.0,held10=96.0
es_base_s1_SEL_e42,held=58.0,held10=94.0
es_base_s1_SEL_e43,held=50.0,held10=98.0
es_base_s1_SEL_e44,held=50.0,held10=98.0
es_base_s1_SEL_e45,held=66.0,held10=94.0
es_base_s1_SEL_e46,held=56.0,held10=92.0
es_base_s1_SEL_e47,held=38.0,held10=94.0
es_base_s1_FIN_e42,held=46.0,held10=88.0
es_base_s1_FIN_e43,held=46.0,held10=94.0
es_base_s1_FIN_e44,held=46.0,held10=90.0
es_base_s1_FIN_e45,held=60.0,held10=90.0
es_base_s1_FIN_e46,held=42.0,held10=92.0
es_base_s1_FIN_e47,held=44.0,held10=90.0
es_base_s2_1000_sel50,held=40.0,held10=86.0
es_base_s2_1000_sel51,held=58.0,held10=94.0
es_base_s2_2000_sel50,held=32.0,held10=82.0
es_base_s2_2000_sel51,held=44.0,held10=84.0
es_base_s2_3000_sel50,held=42.0,held10=84.0
es_base_s2_3000_sel51,held=46.0,held10=92.0
es_base_s2_4000_sel50,held=48.0,held10=86.0
es_base_s2_4000_sel51,held=54.0,held10=96.0
es_base_s2_5000_sel50,held=58.0,held10=92.0
es_base_s2_5000_sel51,held=60.0,held10=98.0
es_base_s2_6000_sel50,held=50.0,held10=86.0
es_base_s2_6000_sel51,held=54.0,held10=96.0
es_base_s2_7000_sel50,held=46.0,held10=88.0
es_base_s2_7000_sel51,held=54.0,held10=98.0
es_base_s2_final_sel50,held=54.0,held10=86.0
es_base_s2_final_sel51,held=62.0,held10=98.0
es_base_s2_SEL_e42,held=54.0,held10=90.0
es_base_s2_SEL_e43,held=62.0,held10=94.0
es_base_s2_SEL_e44,held=54.0,held10=96.0
es_base_s2_SEL_e45,held=62.0,held10=94.0
es_base_s2_SEL_e46,held=50.0,held10=92.0
es_base_s2_SEL_e47,held=52.0,held10=86.0
es_base_s2_FIN_e42,held=46.0,held10=88.0
es_base_s2_FIN_e43,held=48.0,held10=94.0
es_base_s2_FIN_e44,held=50.0,held10=94.0
es_base_s2_FIN_e45,held=52.0,held10=90.0
es_base_s2_FIN_e46,held=48.0,held10=92.0
es_base_s2_FIN_e47,held=42.0,held10=86.0
es_lr1e4_s0_1000_sel50,held=46.0,held10=84.0
es_lr1e4_s0_1000_sel51,held=48.0,held10=92.0
es_lr1e4_s0_2000_sel50,held=30.0,held10=80.0
es_lr1e4_s0_2000_sel51,held=30.0,held10=92.0
es_lr1e4_s0_3000_sel50,held=26.0,held10=76.0
es_lr1e4_s0_3000_sel51,held=28.0,held10=90.0
es_lr1e4_s0_4000_sel50,held=12.0,held10=66.0
es_lr1e4_s0_4000_sel51,held=18.0,held10=82.0
es_lr1e4_s0_5000_sel50,held=8.0,held10=62.0
es_lr1e4_s0_5000_sel51,held=14.0,held10=70.0
es_lr1e4_s0_6000_sel50,held=6.0,held10=54.0
es_lr1e4_s0_6000_sel51,held=12.0,held10=58.0
es_lr1e4_s0_7000_sel50,held=6.0,held10=62.0
es_lr1e4_s0_7000_sel51,held=18.0,held10=68.0
es_lr1e4_s0_final_sel50,held=4.0,held10=52.0
es_lr1e4_s0_final_sel51,held=10.0,held10=54.0
es_lr1e4_s0_SEL_e42,held=38.0,held10=84.0
es_lr1e4_s0_SEL_e43,held=40.0,held10=84.0
es_lr1e4_s0_SEL_e44,held=42.0,held10=78.0
es_lr1e4_s0_SEL_e45,held=40.0,held10=82.0
es_lr1e4_s0_SEL_e46,held=44.0,held10=84.0
es_lr1e4_s0_SEL_e47,held=30.0,held10=84.0
es_lr1e4_s0_FIN_e42,held=10.0,held10=50.0
es_lr1e4_s0_FIN_e43,held=12.0,held10=66.0
es_lr1e4_s0_FIN_e44,held=14.0,held10=60.0
es_lr1e4_s0_FIN_e45,held=2.0,held10=58.0
es_lr1e4_s0_FIN_e46,held=8.0,held10=62.0
es_lr1e4_s0_FIN_e47,held=10.0,held10=58.0
es_lr1e4_s1_1000_sel50,held=58.0,held10=90.0
es_lr1e4_s1_1000_sel51,held=58.0,held10=96.0
es_lr1e4_s1_2000_sel50,held=52.0,held10=92.0
es_lr1e4_s1_2000_sel51,held=70.0,held10=96.0
es_lr1e4_s1_3000_sel50,held=54.0,held10=94.0
es_lr1e4_s1_3000_sel51,held=66.0,held10=96.0
es_lr1e4_s1_4000_sel50,held=58.0,held10=98.0
es_lr1e4_s1_4000_sel51,held=70.0,held10=96.0
es_lr1e4_s1_5000_sel50,held=60.0,held10=94.0
es_lr1e4_s1_5000_sel51,held=82.0,held10=96.0
es_lr1e4_s1_6000_sel50,held=66.0,held10=94.0
es_lr1e4_s1_6000_sel51,held=72.0,held10=96.0
es_lr1e4_s1_7000_sel50,held=62.0,held10=94.0
es_lr1e4_s1_7000_sel51,held=72.0,held10=96.0
es_lr1e4_s1_final_sel50,held=58.0,held10=94.0
es_lr1e4_s1_final_sel51,held=68.0,held10=94.0
es_lr1e4_s1_SEL_e42,held=58.0,held10=90.0
es_lr1e4_s1_SEL_e43,held=56.0,held10=90.0
es_lr1e4_s1_SEL_e44,held=54.0,held10=96.0
es_lr1e4_s1_SEL_e45,held=66.0,held10=94.0
es_lr1e4_s1_SEL_e46,held=56.0,held10=98.0
es_lr1e4_s1_SEL_e47,held=46.0,held10=98.0
es_lr1e4_s1_FIN_e42,held=50.0,held10=90.0
es_lr1e4_s1_FIN_e43,held=54.0,held10=90.0
es_lr1e4_s1_FIN_e44,held=56.0,held10=94.0
es_lr1e4_s1_FIN_e45,held=62.0,held10=94.0
es_lr1e4_s1_FIN_e46,held=58.0,held10=94.0
es_lr1e4_s1_FIN_e47,held=50.0,held10=98.0
es_lr1e4_s2_1000_sel50,held=50.0,held10=92.0
es_lr1e4_s2_1000_sel51,held=70.0,held10=94.0
es_lr1e4_s2_2000_sel50,held=58.0,held10=88.0
es_lr1e4_s2_2000_sel51,held=56.0,held10=94.0
es_lr1e4_s2_3000_sel50,held=48.0,held10=90.0
es_lr1e4_s2_3000_sel51,held=56.0,held10=94.0
es_lr1e4_s2_4000_sel50,held=56.0,held10=96.0
es_lr1e4_s2_4000_sel51,held=58.0,held10=96.0
es_lr1e4_s2_5000_sel50,held=58.0,held10=96.0
es_lr1e4_s2_5000_sel51,held=60.0,held10=96.0
es_lr1e4_s2_6000_sel50,held=50.0,held10=96.0
es_lr1e4_s2_6000_sel51,held=60.0,held10=96.0
es_lr1e4_s2_7000_sel50,held=62.0,held10=92.0
es_lr1e4_s2_7000_sel51,held=62.0,held10=98.0
es_lr1e4_s2_final_sel50,held=64.0,held10=94.0
es_lr1e4_s2_final_sel51,held=66.0,held10=100.0
es_lr1e4_s2_SEL_e42,held=48.0,held10=84.0
es_lr1e4_s2_SEL_e43,held=52.0,held10=88.0
es_lr1e4_s2_SEL_e44,held=60.0,held10=90.0
es_lr1e4_s2_SEL_e45,held=48.0,held10=96.0
es_lr1e4_s2_SEL_e46,held=62.0,held10=98.0
es_lr1e4_s2_SEL_e47,held=52.0,held10=96.0
es_lr1e4_s2_FIN_e42,held=48.0,held10=84.0
es_lr1e4_s2_FIN_e43,held=52.0,held10=88.0
es_lr1e4_s2_FIN_e44,held=60.0,held10=90.0
es_lr1e4_s2_FIN_e45,held=48.0,held10=96.0
es_lr1e4_s2_FIN_e46,held=62.0,held10=98.0
es_lr1e4_s2_FIN_e47,held=52.0,held10=96.0
es_gearly_s0_1000_sel50,held=38.0,held10=92.0
es_gearly_s0_1000_sel51,held=40.0,held10=96.0
es_gearly_s0_2000_sel50,held=44.0,held10=86.0
es_gearly_s0_2000_sel51,held=44.0,held10=92.0
es_gearly_s0_3000_sel50,held=26.0,held10=80.0
es_gearly_s0_3000_sel51,held=34.0,held10=86.0
es_gearly_s0_4000_sel50,held=18.0,held10=72.0
es_gearly_s0_4000_sel51,held=24.0,held10=84.0
es_gearly_s0_5000_sel50,held=30.0,held10=78.0
es_gearly_s0_5000_sel51,held=26.0,held10=92.0
es_gearly_s0_6000_sel50,held=26.0,held10=76.0
es_gearly_s0_6000_sel51,held=26.0,held10=90.0
es_gearly_s0_7000_sel50,held=30.0,held10=78.0
es_gearly_s0_7000_sel51,held=26.0,held10=92.0
es_gearly_s0_final_sel50,held=30.0,held10=78.0
es_gearly_s0_final_sel51,held=28.0,held10=96.0
es_gearly_s0_SEL_e42,held=34.0,held10=80.0
es_gearly_s0_SEL_e43,held=44.0,held10=82.0
es_gearly_s0_SEL_e44,held=36.0,held10=88.0
es_gearly_s0_SEL_e45,held=38.0,held10=86.0
es_gearly_s0_SEL_e46,held=28.0,held10=88.0
es_gearly_s0_SEL_e47,held=34.0,held10=88.0
es_gearly_s0_FIN_e42,held=24.0,held10=78.0
es_gearly_s0_FIN_e43,held=28.0,held10=82.0
es_gearly_s0_FIN_e44,held=24.0,held10=82.0
es_gearly_s0_FIN_e45,held=22.0,held10=84.0
es_gearly_s0_FIN_e46,held=24.0,held10=88.0
es_gearly_s0_FIN_e47,held=24.0,held10=82.0
es_gearly_s1_1000_sel50,held=36.0,held10=90.0
es_gearly_s1_1000_sel51,held=54.0,held10=92.0
es_gearly_s1_2000_sel50,held=40.0,held10=90.0
es_gearly_s1_2000_sel51,held=44.0,held10=92.0
es_gearly_s1_3000_sel50,held=58.0,held10=92.0
es_gearly_s1_3000_sel51,held=62.0,held10=98.0
es_gearly_s1_4000_sel50,held=54.0,held10=88.0
es_gearly_s1_4000_sel51,held=54.0,held10=94.0
es_gearly_s1_5000_sel50,held=50.0,held10=88.0
es_gearly_s1_5000_sel51,held=48.0,held10=94.0
es_gearly_s1_6000_sel50,held=48.0,held10=88.0
es_gearly_s1_6000_sel51,held=48.0,held10=92.0
es_gearly_s1_7000_sel50,held=44.0,held10=88.0
es_gearly_s1_7000_sel51,held=48.0,held10=92.0
es_gearly_s1_final_sel50,held=48.0,held10=88.0
es_gearly_s1_final_sel51,held=50.0,held10=92.0
es_gearly_s1_SEL_e42,held=40.0,held10=92.0
es_gearly_s1_SEL_e43,held=42.0,held10=94.0
es_gearly_s1_SEL_e44,held=44.0,held10=86.0
es_gearly_s1_SEL_e45,held=62.0,held10=92.0
es_gearly_s1_SEL_e46,held=46.0,held10=92.0
es_gearly_s1_SEL_e47,held=38.0,held10=88.0
es_gearly_s1_FIN_e42,held=34.0,held10=78.0
es_gearly_s1_FIN_e43,held=44.0,held10=92.0
es_gearly_s1_FIN_e44,held=46.0,held10=82.0
es_gearly_s1_FIN_e45,held=52.0,held10=90.0
es_gearly_s1_FIN_e46,held=46.0,held10=88.0
es_gearly_s1_FIN_e47,held=38.0,held10=84.0
es_gearly_s2_1000_sel50,held=38.0,held10=86.0
es_gearly_s2_1000_sel51,held=56.0,held10=92.0
es_gearly_s2_2000_sel50,held=38.0,held10=82.0
es_gearly_s2_2000_sel51,held=42.0,held10=86.0
es_gearly_s2_3000_sel50,held=50.0,held10=94.0
es_gearly_s2_3000_sel51,held=58.0,held10=90.0
es_gearly_s2_4000_sel50,held=50.0,held10=90.0
es_gearly_s2_4000_sel51,held=56.0,held10=94.0
es_gearly_s2_5000_sel50,held=54.0,held10=86.0
es_gearly_s2_5000_sel51,held=50.0,held10=94.0
es_gearly_s2_6000_sel50,held=48.0,held10=90.0
es_gearly_s2_6000_sel51,held=50.0,held10=94.0
es_gearly_s2_7000_sel50,held=58.0,held10=92.0
es_gearly_s2_7000_sel51,held=54.0,held10=98.0
es_gearly_s2_final_sel50,held=56.0,held10=92.0
es_gearly_s2_final_sel51,held=54.0,held10=94.0
es_gearly_s2_SEL_e42,held=46.0,held10=88.0
es_gearly_s2_SEL_e43,held=58.0,held10=92.0
es_gearly_s2_SEL_e44,held=56.0,held10=90.0
es_gearly_s2_SEL_e45,held=52.0,held10=96.0
es_gearly_s2_SEL_e46,held=58.0,held10=98.0
es_gearly_s2_SEL_e47,held=48.0,held10=90.0
es_gearly_s2_FIN_e42,held=48.0,held10=90.0
es_gearly_s2_FIN_e43,held=50.0,held10=92.0
es_gearly_s2_FIN_e44,held=54.0,held10=92.0
es_gearly_s2_FIN_e45,held=56.0,held10=96.0
es_gearly_s2_FIN_e46,held=56.0,held10=98.0
es_gearly_s2_FIN_e47,held=50.0,held10=94.0
