ref_l2_s42,held=56.0,latched=98.0,hist=0
ref_td_s42,held=16.0,latched=88.0,hist=0
ref_l2_s43,held=42.0,latched=90.0,hist=0
ref_td_s43,held=12.0,latched=78.0,hist=0
ref_l2_s44,held=34.0,latched=84.0,hist=0
ref_td_s44,held=28.0,latched=88.0,hist=0
ref_l2_s45,held=54.0,latched=96.0,hist=0
ref_td_s45,held=22.0,latched=86.0,hist=0
ref_l2_s46,held=42.0,latched=86.0,hist=0
ref_td_s46,held=14.0,latched=82.0,hist=0
ref_l2_s47,held=40.0,latched=84.0,hist=0
ref_td_s47,held=14.0,latched=90.0,hist=0
wa_alr1e4_s1_e42,held=50.0,latched=96.0,hist=0
wa_steps16k_s0_e47,held=14.0,latched=80.0,hist=0
wa_alr1e3_s0_e47,held=32.0,latched=86.0,hist=0
wa_alr1e4_s1_e43,held=54.0,latched=98.0,hist=0
wa_alr1e4_s1_e44,held=56.0,latched=90.0,hist=0
wa_steps16k_s1_e42,held=40.0,latched=98.0,hist=0
wa_alr1e4_s1_e45,held=62.0,latched=90.0,hist=0
wa_alr1e4_s1_e46,held=58.0,latched=96.0,hist=0
wa_steps16k_s1_e43,held=44.0,latched=90.0,hist=0
wa_alr1e4_s1_e47,held=50.0,latched=92.0,hist=0
wa_alr1e4_s2_e42,held=48.0,latched=90.0,hist=0
wa_steps16k_s1_e44,held=46.0,latched=90.0,hist=0
wa_alr1e4_s2_e43,held=52.0,latched=96.0,hist=0
wa_alr1e4_s2_e44,held=60.0,latched=96.0,hist=0
wa_steps16k_s1_e45,held=52.0,latched=96.0,hist=0
wa_alr1e4_s2_e45,held=48.0,latched=96.0,hist=0
wa_alr1e4_s2_e46,held=62.0,latched=98.0,hist=0
wa_alr1e4_s2_e47,held=52.0,latched=94.0,hist=0
wa_steps16k_s1_e46,held=44.0,latched=90.0,hist=0
wa_steps16k_s1_e47,held=36.0,latched=90.0,hist=0
wa_steps16k_s2_e42,held=50.0,latched=96.0,hist=0
wa_steps16k_s2_e43,held=52.0,latched=98.0,hist=0
wa_steps16k_s2_e44,held=56.0,latched=100.0,hist=0
wa_steps16k_s2_e45,held=64.0,latched=96.0,hist=0
wa_alr1e3_s1_e44,held=24.0,latched=64.0,hist=0
wa_steps16k_s2_e46,held=62.0,latched=98.0,hist=0
wa_steps16k_s2_e47,held=62.0,latched=100.0,hist=0
wa_alr1e3_s1_e47,held=36.0,latched=84.0,hist=0
wa_alr1e3_s2_e42,held=20.0,latched=86.0,hist=0
wa_alr1e3_s2_e44,held=12.0,latched=76.0,hist=0
wa_alr1e3_s2_e45,held=20.0,latched=86.0,hist=0
wa_alr1e3_s2_e46,held=8.0,latched=72.0,hist=0
wa_alr1e3_s2_e47,held=24.0,latched=78.0,hist=0
wa_centre_s0_e42,held=8.0,latched=76.0,hist=0
wa_amax26_s0_e42,held=16.0,latched=80.0,hist=0
wa_mw05_s0_e42,held=8.0,latched=76.0,hist=0
wa_mw03_s0_e42,held=20.0,latched=84.0,hist=0
wa_amax20_s0_e42,held=14.0,latched=84.0,hist=0
wa_centre_s0_e43,held=16.0,latched=72.0,hist=0
wa_amax26_s0_e43,held=18.0,latched=78.0,hist=0
wa_mw03_s0_e43,held=22.0,latched=84.0,hist=0
wa_mw05_s0_e43,held=6.0,latched=74.0,hist=0
wa_centre_s0_e44,held=4.0,latched=82.0,hist=0
wa_amax26_s0_e44,held=14.0,latched=78.0,hist=0
wa_mw03_s0_e44,held=20.0,latched=82.0,hist=0
wa_mw05_s0_e44,held=2.0,latched=82.0,hist=0
wa_amax20_s0_e43,held=12.0,latched=80.0,hist=0
wa_centre_s0_e45,held=4.0,latched=74.0,hist=0
wa_amax26_s0_e45,held=4.0,latched=70.0,hist=0
wa_mw05_s0_e45,held=4.0,latched=68.0,hist=0
wa_mw03_s0_e45,held=8.0,latched=68.0,hist=0
wa_centre_s0_e46,held=4.0,latched=80.0,hist=0
wa_amax26_s0_e46,held=4.0,latched=70.0,hist=0
wa_mw05_s0_e46,held=2.0,latched=70.0,hist=0
wa_mw03_s0_e46,held=12.0,latched=80.0,hist=0
wa_amax20_s0_e44,held=6.0,latched=78.0,hist=0
wa_centre_s0_e47,held=4.0,latched=74.0,hist=0
wa_amax26_s0_e47,held=10.0,latched=74.0,hist=0
wa_mw05_s0_e47,held=6.0,latched=76.0,hist=0
wa_mw03_s0_e47,held=16.0,latched=74.0,hist=0
wa_centre_s1_e42,held=46.0,latched=98.0,hist=0
wa_amax26_s1_e42,held=46.0,latched=96.0,hist=0
wa_amax20_s0_e45,held=6.0,latched=70.0,hist=0
wa_mw05_s1_e42,held=46.0,latched=94.0,hist=0
wa_mw03_s1_e42,held=30.0,latched=94.0,hist=0
wa_centre_s1_e43,held=46.0,latched=94.0,hist=0
wa_amax26_s1_e43,held=54.0,latched=94.0,hist=0
wa_mw05_s1_e43,held=42.0,latched=86.0,hist=0
wa_mw03_s1_e43,held=38.0,latched=88.0,hist=0
wa_centre_s1_e44,held=46.0,latched=90.0,hist=0
wa_amax26_s1_e44,held=48.0,latched=90.0,hist=0
wa_amax20_s0_e46,held=4.0,latched=66.0,hist=0
wa_centre_s1_e45,held=60.0,latched=92.0,hist=0
wa_mw05_s1_e44,held=56.0,latched=92.0,hist=0
wa_mw03_s1_e44,held=40.0,latched=88.0,hist=0
wa_amax26_s1_e45,held=52.0,latched=90.0,hist=0
wa_centre_s1_e46,held=42.0,latched=94.0,hist=0
wa_mw05_s1_e45,held=50.0,latched=92.0,hist=0
wa_mw03_s1_e45,held=54.0,latched=92.0,hist=0
wa_amax20_s0_e47,held=2.0,latched=72.0,hist=0
wa_amax26_s1_e46,held=48.0,latched=92.0,hist=0
wa_centre_s1_e47,held=44.0,latched=90.0,hist=0
wa_mw05_s1_e46,held=40.0,latched=88.0,hist=0
wa_mw03_s1_e46,held=48.0,latched=86.0,hist=0
wa_amax26_s1_e47,held=36.0,latched=94.0,hist=0
wa_centre_s2_e42,held=46.0,latched=98.0,hist=0
wa_mw05_s1_e47,held=40.0,latched=96.0,hist=0
wa_mw03_s1_e47,held=42.0,latched=92.0,hist=0
wa_amax20_s1_e42,held=34.0,latched=98.0,hist=0
wa_centre_s2_e43,held=48.0,latched=96.0,hist=0
wa_amax26_s2_e42,held=40.0,latched=92.0,hist=0
wa_mw03_s2_e42,held=48.0,latched=92.0,hist=0
wa_mw05_s2_e42,held=48.0,latched=94.0,hist=0
wa_centre_s2_e44,held=50.0,latched=100.0,hist=0
wa_amax26_s2_e43,held=52.0,latched=86.0,hist=0
wa_amax20_s1_e43,held=36.0,latched=84.0,hist=0
wa_mw03_s2_e43,held=40.0,latched=96.0,hist=0
wa_mw05_s2_e43,held=50.0,latched=94.0,hist=0
wa_centre_s2_e45,held=52.0,latched=96.0,hist=0
wa_amax26_s2_e44,held=52.0,latched=92.0,hist=0
wa_mw05_s2_e44,held=52.0,latched=98.0,hist=0
wa_mw03_s2_e44,held=48.0,latched=96.0,hist=0
wa_centre_s2_e46,held=48.0,latched=92.0,hist=0
wa_amax26_s2_e45,held=42.0,latched=90.0,hist=0
wa_amax20_s1_e44,held=44.0,latched=88.0,hist=0
wa_mw03_s2_e45,held=52.0,latched=96.0,hist=0
wa_mw05_s2_e45,held=50.0,latched=94.0,hist=0
wa_centre_s2_e47,held=42.0,latched=94.0,hist=0
wa_amax26_s2_e46,held=48.0,latched=98.0,hist=0
wa_mw03_s2_e46,held=62.0,latched=100.0,hist=0
wa_mw05_s2_e46,held=60.0,latched=94.0,hist=0
wa_amax20_s1_e45,held=50.0,latched=94.0,hist=0
wa_amax26_s2_e47,held=52.0,latched=98.0,hist=0
wa_mw03_s2_e47,held=52.0,latched=98.0,hist=0
wa_mw05_s2_e47,held=48.0,latched=92.0,hist=0
wa_amax20_s1_e46,held=48.0,latched=94.0,hist=0
wa_amax20_s1_e47,held=38.0,latched=88.0,hist=0
wa_amax20_s2_e42,held=50.0,latched=92.0,hist=0
wa_amax20_s2_e43,held=42.0,latched=92.0,hist=0
wa_amax20_s2_e44,held=54.0,latched=94.0,hist=0
wa_amax20_s2_e45,held=56.0,latched=98.0,hist=0
wa_amax20_s2_e46,held=56.0,latched=94.0,hist=0
wa_amax20_s2_e47,held=50.0,latched=96.0,hist=0
wa_amax18_s0_e42,held=10.0,latched=84.0
wa_amax18_s0_e43,held=14.0,latched=78.0
wa_amax18_s0_e44,held=10.0,latched=84.0
wa_amax18_s0_e45,held=6.0,latched=72.0
wa_amax18_s0_e46,held=6.0,latched=80.0
wa_amax18_s0_e47,held=12.0,latched=80.0
wa_amax18_s1_e42,held=42.0,latched=90.0
wa_amax18_s1_e43,held=40.0,latched=84.0
wa_amax18_s1_e44,held=50.0,latched=86.0
wa_amax18_s1_e45,held=56.0,latched=94.0
wa_amax18_s1_e46,held=44.0,latched=92.0
wa_amax18_s1_e47,held=52.0,latched=96.0
wa_amax18_s2_e42,held=46.0,latched=92.0
wa_amax18_s2_e43,held=34.0,latched=88.0
wa_amax18_s2_e44,held=50.0,latched=92.0
wa_amax18_s2_e45,held=54.0,latched=96.0
wa_amax18_s2_e46,held=48.0,latched=90.0
wa_amax18_s2_e47,held=42.0,latched=92.0
wa_alr1e4_s0_e42,held=10.0,latched=74.0
wa_alr1e4_s0_e43,held=12.0,latched=82.0
wa_alr1e4_s0_e44,held=14.0,latched=80.0
wa_alr1e4_s0_e45,held=2.0,latched=74.0
wa_alr1e4_s0_e46,held=8.0,latched=80.0
wa_alr1e4_s0_e47,held=10.0,latched=84.0
wa_alr1e3_s0_e42,held=26.0,latched=90.0
wa_alr1e3_s0_e43,held=46.0,latched=88.0
wa_alr1e3_s0_e44,held=28.0,latched=90.0
wa_alr1e3_s0_e45,held=28.0,latched=82.0
wa_alr1e3_s0_e46,held=24.0,latched=82.0
wa_alr1e3_s1_e42,held=28.0,latched=88.0
wa_alr1e3_s1_e43,held=32.0,latched=82.0
wa_alr1e3_s1_e45,held=36.0,latched=88.0
wa_alr1e3_s1_e46,held=28.0,latched=88.0
wa_alr1e3_s2_e43,held=16.0,latched=84.0
wa_steps16k_s0_e42,held=16.0,latched=84.0
wa_steps16k_s0_e43,held=18.0,latched=82.0
wa_steps16k_s0_e44,held=10.0,latched=82.0
wa_steps16k_s0_e45,held=8.0,latched=76.0
wa_steps16k_s0_e46,held=4.0,latched=80.0
