g1k_l1e4ua22m03_s0_sel50,held=42.0,held10=84.0
g1k_l1e4ua26m01_s0_sel50,held=30.0,held10=68.0
g1k_l1e4ua18m01_s0_sel50,held=36.0,held10=86.0
g1k_l1e4ua26m03_s0_sel50,held=34.0,held10=84.0
g1k_l1e4ua18m03_s0_sel50,held=50.0,held10=90.0
g1k_l1e4ua22m01_s0_sel50,held=36.0,held10=82.0
g1k_l1e4ua22m03_s0_sel51,held=54.0,held10=94.0
g1k_l1e4ua26m01_s0_sel51,held=26.0,held10=82.0
g1k_l1e4ua18m01_s0_sel51,held=40.0,held10=86.0
g1k_l1e4ua26m03_s0_sel51,held=46.0,held10=92.0
g1k_l1e4ua22m03_s1_sel50,held=50.0,held10=88.0
g1k_l1e4ua22m01_s0_sel51,held=36.0,held10=90.0
g1k_l1e4ua26m01_s1_sel50,held=58.0,held10=88.0
g1k_l1e4ua18m03_s0_sel51,held=58.0,held10=94.0
g1k_l1e4ua18m01_s1_sel50,held=48.0,held10=86.0
g1k_l1e4ua26m03_s1_sel50,held=54.0,held10=88.0
g1k_l1e4ua22m03_s1_sel51,held=54.0,held10=96.0
g1k_l1e4ua26m01_s1_sel51,held=72.0,held10=92.0
g1k_l1e4ua26m03_s1_sel51,held=64.0,held10=90.0
g1k_l1e4ua18m01_s1_sel51,held=40.0,held10=92.0
g1k_l1e4ua22m01_s1_sel50,held=50.0,held10=90.0
g1k_l1e4ua18m03_s1_sel50,held=34.0,held10=78.0
g1k_l1e4ua22m03_s2_sel50,held=54.0,held10=88.0
g1k_l1e4ua26m01_s2_sel50,held=46.0,held10=90.0
g1k_l1e4ua26m03_s2_sel50,held=46.0,held10=88.0
g1k_l1e4ua18m01_s2_sel50,held=52.0,held10=92.0
g1k_l1e4ua22m01_s1_sel51,held=54.0,held10=96.0
g1k_l1e4ua18m03_s1_sel51,held=46.0,held10=86.0
g1k_l1e4ua22m03_s2_sel51,held=52.0,held10=92.0
g1k_l1e4ua26m01_s2_sel51,held=62.0,held10=88.0
g1k_l1e4ua26m03_s2_sel51,held=46.0,held10=88.0
g1k_l1e4ua18m01_s2_sel51,held=60.0,held10=90.0
g1k_l1e4ua22m01_s2_sel50,held=40.0,held10=86.0
g1k_l1e4ua18m03_s2_sel50,held=44.0,held10=88.0
g1k_l1e4ua22m01_s2_sel51,held=48.0,held10=96.0
g1k_l1e4ua18m03_s2_sel51,held=56.0,held10=88.0
g1k_l1e4gea26m03_s0_sel50,held=14.0,held10=52.0
g1k_l1e4gea26m01_s0_sel50,held=32.0,held10=74.0
g1k_l1e4gea22m03_s0_sel50,held=30.0,held10=82.0
g1k_l1e4gea18m01_s0_sel50,held=54.0,held10=90.0
g1k_l1e4gea22m01_s0_sel50,held=20.0,held10=60.0
g1k_l1e4gea18m03_s0_sel50,held=56.0,held10=86.0
g1k_l1e4gea26m03_s0_sel51,held=10.0,held10=68.0
g1k_l1e4gea22m03_s0_sel51,held=28.0,held10=84.0
g1k_l1e4gea26m01_s0_sel51,held=32.0,held10=82.0
g1k_l1e4gea18m01_s0_sel51,held=56.0,held10=92.0
g1k_l1e4gea22m01_s0_sel51,held=18.0,held10=82.0
g1k_l1e4gea18m03_s0_sel51,held=58.0,held10=88.0
g1k_l1e4gea26m03_s1_sel50,held=46.0,held10=90.0
g1k_l1e4gea26m01_s1_sel50,held=50.0,held10=88.0
g1k_l1e4gea18m01_s1_sel50,held=34.0,held10=86.0
g1k_l1e4gea22m03_s1_sel50,held=50.0,held10=88.0
g1k_l1e4gea22m01_s1_sel50,held=48.0,held10=88.0
g1k_l1e4gea18m01_s1_sel51,held=44.0,held10=92.0
g1k_l1e4gea26m03_s1_sel51,held=60.0,held10=92.0
g1k_l1e4gea26m01_s1_sel51,held=58.0,held10=92.0
g1k_l1e4gea22m03_s1_sel51,held=50.0,held10=94.0
g1k_l1e4gea18m03_s1_sel50,held=38.0,held10=80.0
g1k_l1e4gea22m01_s1_sel51,held=48.0,held10=94.0
g1k_l1e4gea18m01_s2_sel50,held=42.0,held10=86.0
g1k_l1e4gea26m01_s2_sel50,held=58.0,held10=86.0
g1k_l1e4gea26m03_s2_sel50,held=44.0,held10=82.0
g1k_l1e4gea22m03_s2_sel50,held=48.0,held10=88.0
g1k_l1e4gea18m03_s1_sel51,held=34.0,held10=88.0
g1k_l1e4gea22m01_s2_sel50,held=50.0,held10=86.0
g1k_l1e4gea18m01_s2_sel51,held=52.0,held10=86.0
g1k_l1e4gea26m01_s2_sel51,held=48.0,held10=90.0
g1k_l1e4gea22m03_s2_sel51,held=50.0,held10=92.0
g1k_l1e4gea26m03_s2_sel51,held=38.0,held10=90.0
g1k_l1e4gea18m03_s2_sel50,held=54.0,held10=92.0
g1k_l1e4gea22m01_s2_sel51,held=60.0,held10=90.0
g1k_l1e4gea18m03_s2_sel51,held=46.0,held10=90.0
g1k_l3e4ua26m01_s0_sel50,held=20.0,held10=64.0
g1k_l3e4ua22m03_s0_sel50,held=40.0,held10=84.0
g1k_l3e4ua18m01_s0_sel50,held=46.0,held10=92.0
g1k_l3e4ua26m03_s0_sel50,held=26.0,held10=68.0
g1k_l3e4ua22m01_s0_sel50,held=16.0,held10=74.0
g1k_l3e4ua18m03_s0_sel50,held=38.0,held10=82.0
g1k_l3e4ua26m01_s0_sel51,held=26.0,held10=94.0
g1k_l3e4ua22m03_s0_sel51,held=52.0,held10=94.0
g1k_l3e4ua18m01_s0_sel51,held=56.0,held10=92.0
g1k_l3e4ua26m03_s0_sel51,held=36.0,held10=78.0
g1k_l3e4ua22m01_s0_sel51,held=42.0,held10=94.0
g1k_l3e4ua18m03_s0_sel51,held=54.0,held10=90.0
g1k_l3e4ua26m03_s1_sel50,held=50.0,held10=90.0
g1k_l3e4ua26m01_s1_sel50,held=42.0,held10=92.0
g1k_l3e4ua22m03_s1_sel50,held=46.0,held10=86.0
g1k_l3e4ua18m01_s1_sel50,held=38.0,held10=82.0
g1k_l3e4ua22m01_s1_sel50,held=46.0,held10=88.0
g1k_l3e4ua18m03_s1_sel50,held=56.0,held10=90.0
g1k_l3e4ua26m03_s1_sel51,held=58.0,held10=92.0
g1k_l3e4ua22m03_s1_sel51,held=56.0,held10=88.0
g1k_l3e4ua26m01_s1_sel51,held=62.0,held10=92.0
g1k_l3e4ua18m01_s1_sel51,held=48.0,held10=88.0
g1k_l3e4ua22m01_s1_sel51,held=48.0,held10=94.0
g1k_l3e4ua18m03_s1_sel51,held=58.0,held10=94.0
g1k_l3e4ua26m03_s2_sel50,held=48.0,held10=88.0
g1k_l3e4ua22m03_s2_sel50,held=50.0,held10=92.0
g1k_l3e4ua18m01_s2_sel50,held=46.0,held10=86.0
g1k_l3e4ua26m01_s2_sel50,held=48.0,held10=88.0
g1k_l3e4ua22m01_s2_sel50,held=58.0,held10=88.0
g1k_l3e4ua26m03_s2_sel51,held=70.0,held10=94.0
g1k_l3e4ua22m03_s2_sel51,held=56.0,held10=94.0
g1k_l3e4ua18m01_s2_sel51,held=50.0,held10=92.0
g1k_l3e4ua26m01_s2_sel51,held=60.0,held10=94.0
g1k_l3e4ua18m03_s2_sel50,held=40.0,held10=90.0
g1k_l3e4ua22m01_s2_sel51,held=52.0,held10=94.0
g1k_l3e4ua18m03_s2_sel51,held=50.0,held10=96.0
g1k_l3e4gea22m03_s0_sel50,held=32.0,held10=78.0
g1k_l3e4gea18m01_s0_sel50,held=64.0,held10=92.0
g1k_l3e4gea26m01_s0_sel50,held=22.0,held10=68.0
g1k_l3e4gea26m03_s0_sel50,held=30.0,held10=82.0
g1k_l3e4gea22m01_s0_sel50,held=40.0,held10=84.0
g1k_l3e4gea18m03_s0_sel50,held=54.0,held10=86.0
g1k_l3e4gea22m03_s0_sel51,held=36.0,held10=92.0
g1k_l3e4gea26m01_s0_sel51,held=36.0,held10=84.0
g1k_l3e4gea26m03_s0_sel51,held=50.0,held10=96.0
g1k_l3e4gea18m01_s0_sel51,held=66.0,held10=94.0
g1k_l3e4gea22m01_s0_sel51,held=50.0,held10=96.0
g1k_l3e4gea18m03_s0_sel51,held=62.0,held10=96.0
g1k_l3e4gea22m03_s1_sel50,held=38.0,held10=86.0
g1k_l3e4gea26m01_s1_sel50,held=50.0,held10=84.0
g1k_l3e4gea26m03_s1_sel50,held=46.0,held10=92.0
g1k_l3e4gea18m01_s1_sel50,held=40.0,held10=90.0
g1k_l3e4gea22m01_s1_sel50,held=56.0,held10=92.0
g1k_l3e4gea18m03_s1_sel50,held=24.0,held10=80.0
g1k_l3e4gea22m03_s1_sel51,held=34.0,held10=92.0
g1k_l3e4gea26m03_s1_sel51,held=48.0,held10=96.0
g1k_l3e4gea18m01_s1_sel51,held=54.0,held10=90.0
g1k_l3e4gea26m01_s1_sel51,held=44.0,held10=88.0
g1k_l3e4gea22m01_s1_sel51,held=54.0,held10=94.0
g1k_l3e4gea18m03_s1_sel51,held=18.0,held10=84.0
g1k_l3e4gea22m03_s2_sel50,held=22.0,held10=88.0
g1k_l3e4gea26m03_s2_sel50,held=52.0,held10=94.0
g1k_l3e4gea18m01_s2_sel50,held=46.0,held10=86.0
g1k_l3e4gea26m01_s2_sel50,held=48.0,held10=88.0
g1k_l3e4gea22m01_s2_sel50,held=46.0,held10=82.0
g1k_l3e4gea22m03_s2_sel51,held=30.0,held10=88.0
g1k_l3e4gea26m03_s2_sel51,held=64.0,held10=94.0
g1k_l3e4gea18m01_s2_sel51,held=40.0,held10=82.0
g1k_l3e4gea26m01_s2_sel51,held=60.0,held10=92.0
g1k_l3e4gea18m03_s2_sel50,held=20.0,held10=80.0
g1k_l3e4gea22m01_s2_sel51,held=44.0,held10=92.0
g1k_l3e4gea18m03_s2_sel51,held=30.0,held10=88.0
g1k_l1e3ua26m03_s0_sel50,held=0.0,held10=0.0
g1k_l1e3ua18m01_s0_sel50,held=52.0,held10=88.0
g1k_l1e3ua22m03_s0_sel50,held=36.0,held10=84.0
g1k_l1e3ua26m01_s0_sel50,held=44.0,held10=84.0
g1k_l1e3ua22m01_s0_sel50,held=32.0,held10=84.0
g1k_l1e3ua18m03_s0_sel50,held=48.0,held10=86.0
g1k_l1e3ua18m01_s0_sel51,held=66.0,held10=94.0
g1k_l1e3ua26m03_s0_sel51,held=0.0,held10=0.0
g1k_l1e3ua26m01_s0_sel51,held=42.0,held10=88.0
g1k_l1e3ua22m03_s0_sel51,held=48.0,held10=94.0
g1k_l1e3ua22m01_s0_sel51,held=38.0,held10=94.0
g1k_l1e3ua18m03_s0_sel51,held=52.0,held10=92.0
g1k_l1e3ua26m03_s1_sel50,held=44.0,held10=86.0
g1k_l1e3ua22m03_s1_sel50,held=48.0,held10=86.0
g1k_l1e3ua18m01_s1_sel50,held=72.0,held10=92.0
g1k_l1e3ua26m01_s1_sel50,held=14.0,held10=78.0
g1k_l1e3ua22m01_s1_sel50,held=32.0,held10=88.0
g1k_l1e3ua26m01_s1_sel51,held=20.0,held10=76.0
g1k_l1e3ua18m01_s1_sel51,held=64.0,held10=94.0
g1k_l1e3ua26m03_s1_sel51,held=38.0,held10=94.0
g1k_l1e3ua22m03_s1_sel51,held=58.0,held10=92.0
g1k_l1e3ua18m03_s1_sel50,held=62.0,held10=84.0
g1k_l1e3ua22m01_s1_sel51,held=38.0,held10=86.0
g1k_l1e3ua26m01_s2_sel50,held=30.0,held10=76.0
g1k_l1e3ua18m01_s2_sel50,held=40.0,held10=84.0
g1k_l1e3ua26m03_s2_sel50,held=46.0,held10=90.0
g1k_l1e3ua22m03_s2_sel50,held=40.0,held10=84.0
g1k_l1e3ua18m03_s1_sel51,held=60.0,held10=94.0
g1k_l1e3ua22m01_s2_sel50,held=10.0,held10=72.0
g1k_l1e3ua26m01_s2_sel51,held=18.0,held10=70.0
g1k_l1e3ua18m01_s2_sel51,held=46.0,held10=90.0
g1k_l1e3ua22m03_s2_sel51,held=36.0,held10=88.0
g1k_l1e3ua26m03_s2_sel51,held=32.0,held10=92.0
g1k_l1e3ua18m03_s2_sel50,held=50.0,held10=84.0
g1k_l1e3ua22m01_s2_sel51,held=12.0,held10=66.0
g1k_l1e3ua18m03_s2_sel51,held=68.0,held10=90.0
g1k_l1e3gea18m01_s0_sel50,held=38.0,held10=86.0
g1k_l1e3gea26m01_s0_sel50,held=22.0,held10=68.0
g1k_l1e3gea26m03_s0_sel50,held=26.0,held10=82.0
g1k_l1e3gea22m03_s0_sel50,held=36.0,held10=88.0
g1k_l1e3gea22m01_s0_sel50,held=52.0,held10=86.0
g1k_l1e3gea26m01_s0_sel51,held=28.0,held10=88.0
g1k_l1e3gea18m03_s0_sel50,held=54.0,held10=86.0
g1k_l1e3gea18m01_s0_sel51,held=40.0,held10=96.0
g1k_l1e3gea26m03_s0_sel51,held=32.0,held10=94.0
g1k_l1e3gea22m03_s0_sel51,held=50.0,held10=96.0
g1k_l1e3gea22m01_s0_sel51,held=58.0,held10=92.0
g1k_l1e3gea26m01_s1_sel50,held=48.0,held10=92.0
g1k_l1e3gea26m03_s1_sel50,held=64.0,held10=90.0
g1k_l1e3gea18m03_s0_sel51,held=72.0,held10=94.0
g1k_l1e3gea18m01_s1_sel50,held=64.0,held10=96.0
g1k_l1e3gea22m03_s1_sel50,held=30.0,held10=88.0
g1k_l1e3gea22m01_s1_sel50,held=42.0,held10=86.0
g1k_l1e3gea26m01_s1_sel51,held=46.0,held10=94.0
g1k_l1e3gea26m03_s1_sel51,held=62.0,held10=94.0
g1k_l1e3gea22m03_s1_sel51,held=52.0,held10=90.0
g1k_l1e3gea18m01_s1_sel51,held=54.0,held10=94.0
g1k_l1e3gea18m03_s1_sel50,held=52.0,held10=88.0
g1k_l1e3gea22m01_s1_sel51,held=42.0,held10=90.0
g1k_l1e3gea26m01_s2_sel50,held=32.0,held10=82.0
g1k_l1e3gea26m03_s2_sel50,held=22.0,held10=76.0
g1k_l1e3gea22m03_s2_sel50,held=44.0,held10=92.0
g1k_l1e3gea18m01_s2_sel50,held=40.0,held10=90.0
g1k_l1e3gea18m03_s1_sel51,held=36.0,held10=88.0
g1k_l1e3gea22m01_s2_sel50,held=38.0,held10=84.0
g1k_l1e3gea26m01_s2_sel51,held=22.0,held10=84.0
g1k_l1e3gea26m03_s2_sel51,held=20.0,held10=86.0
g1k_l1e3gea18m01_s2_sel51,held=48.0,held10=90.0
g1k_l1e3gea22m03_s2_sel51,held=50.0,held10=92.0
g1k_l1e3gea18m03_s2_sel50,held=42.0,held10=80.0
g1k_l1e3gea22m01_s2_sel51,held=48.0,held10=92.0
g1k_l1e3gea18m03_s2_sel51,held=44.0,held10=88.0
g1k_l1e3ua18m03_s0_e42,held=42.0,held10=84.0
g1k_l1e3ua18m03_s0_e43,held=52.0,held10=90.0
g1k_l1e3ua18m03_s0_e44,held=46.0,held10=92.0
g1k_l1e3ua18m03_s0_e45,held=48.0,held10=90.0
g1k_l1e3ua18m03_s0_e46,held=48.0,held10=90.0
g1k_l1e3ua18m03_s0_e47,held=36.0,held10=90.0
g1k_l1e3ua18m03_s1_e42,held=44.0,held10=90.0
g1k_l1e3ua18m03_s1_e43,held=50.0,held10=94.0
g1k_l1e3ua18m03_s1_e44,held=62.0,held10=96.0
g1k_l1e3ua18m03_s1_e45,held=66.0,held10=98.0
g1k_l1e3ua18m03_s1_e46,held=60.0,held10=96.0
g1k_l1e3ua18m03_s1_e47,held=50.0,held10=88.0
g1k_l1e3ua18m03_s2_e42,held=38.0,held10=86.0
g1k_l1e3ua18m03_s2_e43,held=46.0,held10=88.0
g1k_l1e3ua18m03_s2_e44,held=46.0,held10=88.0
g1k_l1e3ua18m03_s2_e45,held=40.0,held10=88.0
g1k_l1e3ua18m03_s2_e46,held=48.0,held10=86.0
g1k_l1e3ua18m03_s2_e47,held=42.0,held10=80.0
g1k_l1e3ua18m01_s0_e42,held=52.0,held10=80.0
g1k_l1e3ua18m01_s0_e43,held=54.0,held10=88.0
g1k_l1e3ua18m01_s0_e44,held=60.0,held10=86.0
g1k_l1e3ua18m01_s0_e45,held=48.0,held10=90.0
g1k_l1e3ua18m01_s0_e46,held=52.0,held10=92.0
g1k_l1e3ua18m01_s0_e47,held=44.0,held10=80.0
g1k_l1e3ua18m01_s1_e42,held=48.0,held10=88.0
g1k_l1e3ua18m01_s1_e43,held=52.0,held10=94.0
g1k_l1e3ua18m01_s1_e44,held=64.0,held10=96.0
g1k_l1e3ua18m01_s1_e45,held=72.0,held10=94.0
g1k_l1e3ua18m01_s1_e46,held=66.0,held10=98.0
g1k_l1e3ua18m01_s1_e47,held=50.0,held10=88.0
g1k_l1e3ua18m01_s2_e42,held=32.0,held10=82.0
g1k_l1e3ua18m01_s2_e43,held=36.0,held10=84.0
g1k_l1e3ua18m01_s2_e44,held=32.0,held10=92.0
g1k_l1e3ua18m01_s2_e45,held=46.0,held10=84.0
g1k_l1e3ua18m01_s2_e46,held=34.0,held10=76.0
g1k_l1e3ua18m01_s2_e47,held=38.0,held10=74.0
g1k_l3e4gea18m01_s0_e42,held=52.0,held10=84.0
g1k_l3e4gea18m01_s0_e43,held=54.0,held10=84.0
g1k_l3e4gea18m01_s0_e44,held=58.0,held10=90.0
g1k_l3e4gea18m01_s0_e45,held=50.0,held10=92.0
g1k_l3e4gea18m01_s0_e46,held=50.0,held10=88.0
g1k_l3e4gea18m01_s0_e47,held=54.0,held10=90.0
g1k_l3e4gea18m01_s1_e42,held=48.0,held10=86.0
g1k_l3e4gea18m01_s1_e43,held=34.0,held10=90.0
g1k_l3e4gea18m01_s1_e44,held=54.0,held10=96.0
g1k_l3e4gea18m01_s1_e45,held=46.0,held10=90.0
g1k_l3e4gea18m01_s1_e46,held=48.0,held10=92.0
g1k_l3e4gea18m01_s1_e47,held=36.0,held10=84.0
g1k_l3e4gea18m01_s2_e42,held=40.0,held10=80.0
g1k_l3e4gea18m01_s2_e43,held=52.0,held10=80.0
g1k_l3e4gea18m01_s2_e44,held=40.0,held10=84.0
g1k_l3e4gea18m01_s2_e45,held=36.0,held10=88.0
g1k_l3e4gea18m01_s2_e46,held=44.0,held10=86.0
g1k_l3e4gea18m01_s2_e47,held=42.0,held10=84.0
