gc_ust4k1e4_s0_e42,held=14.0,held10=50.0
gc_ust4k1e4_s0_e43,held=16.0,held10=64.0
gc_ust4k1e4_s0_e44,held=18.0,held10=68.0
gc_ust4k1e4_s0_e45,held=8.0,held10=70.0
gc_ust4k1e4_s0_e46,held=14.0,held10=72.0
gc_ust4k1e4_s0_e47,held=12.0,held10=62.0
gc_ust4k1e4_s1_e42,held=50.0,held10=88.0
gc_ust4k1e4_s1_e43,held=58.0,held10=88.0
gc_ust4k1e4_s1_e44,held=54.0,held10=92.0
gc_ust4k1e4_s1_e45,held=56.0,held10=94.0
gc_ust4k1e4_s1_e46,held=56.0,held10=96.0
gc_ust4k1e4_s1_e47,held=48.0,held10=86.0
gc_ust4k1e4_s2_e42,held=50.0,held10=86.0
gc_ust4k1e4_s2_e43,held=46.0,held10=88.0
gc_ust4k1e4_s2_e44,held=54.0,held10=94.0
gc_ust4k1e4_s2_e45,held=56.0,held10=92.0
gc_ust4k1e4_s2_e46,held=58.0,held10=92.0
gc_ust4k1e4_s2_e47,held=46.0,held10=88.0
gc_ust4k3e4_s0_e42,held=10.0,held10=54.0
gc_ust4k3e4_s0_e43,held=8.0,held10=54.0
gc_ust4k3e4_s0_e44,held=8.0,held10=70.0
gc_ust4k3e4_s0_e45,held=6.0,held10=54.0
gc_ust4k3e4_s0_e46,held=6.0,held10=60.0
gc_ust4k3e4_s0_e47,held=8.0,held10=54.0
gc_ust4k3e4_s1_e42,held=46.0,held10=86.0
gc_ust4k3e4_s1_e43,held=34.0,held10=90.0
gc_ust4k3e4_s1_e44,held=46.0,held10=84.0
gc_ust4k3e4_s1_e45,held=62.0,held10=88.0
gc_ust4k3e4_s1_e46,held=48.0,held10=90.0
gc_ust4k3e4_s1_e47,held=38.0,held10=76.0
gc_ust4k3e4_s2_e42,held=42.0,held10=88.0
gc_ust4k3e4_s2_e43,held=56.0,held10=90.0
gc_ust4k3e4_s2_e44,held=58.0,held10=96.0
gc_ust4k3e4_s2_e45,held=62.0,held10=96.0
gc_ust4k3e4_s2_e46,held=52.0,held10=90.0
gc_ust4k3e4_s2_e47,held=56.0,held10=90.0
gc_ust8k1e4_s0_e42,held=10.0,held10=50.0
gc_ust8k1e4_s0_e43,held=12.0,held10=66.0
gc_ust8k1e4_s0_e44,held=14.0,held10=60.0
gc_ust8k1e4_s0_e45,held=2.0,held10=58.0
gc_ust8k1e4_s0_e46,held=8.0,held10=62.0
gc_ust8k1e4_s0_e47,held=10.0,held10=58.0
gc_ust8k1e4_s1_e42,held=50.0,held10=90.0
gc_ust8k1e4_s1_e43,held=54.0,held10=90.0
gc_ust8k1e4_s1_e44,held=56.0,held10=94.0
gc_ust8k1e4_s1_e45,held=62.0,held10=94.0
gc_ust8k1e4_s1_e46,held=58.0,held10=94.0
gc_ust8k1e4_s1_e47,held=50.0,held10=98.0
gc_ust8k1e4_s2_e42,held=48.0,held10=84.0
gc_ust8k1e4_s2_e43,held=52.0,held10=88.0
gc_ust8k1e4_s2_e44,held=60.0,held10=90.0
gc_ust8k1e4_s2_e45,held=48.0,held10=96.0
gc_ust8k1e4_s2_e46,held=62.0,held10=98.0
gc_ust8k1e4_s2_e47,held=52.0,held10=96.0
gc_ust8k3e4_s0_e42,held=8.0,held10=62.0
gc_ust8k3e4_s0_e43,held=16.0,held10=70.0
gc_ust8k3e4_s0_e44,held=4.0,held10=62.0
gc_ust8k3e4_s0_e45,held=4.0,held10=56.0
gc_ust8k3e4_s0_e46,held=4.0,held10=72.0
gc_ust8k3e4_s0_e47,held=4.0,held10=54.0
gc_ust8k3e4_s1_e42,held=46.0,held10=88.0
gc_ust8k3e4_s1_e43,held=46.0,held10=94.0
gc_ust8k3e4_s1_e44,held=46.0,held10=90.0
gc_ust8k3e4_s1_e45,held=60.0,held10=90.0
gc_ust8k3e4_s1_e46,held=42.0,held10=92.0
gc_ust8k3e4_s1_e47,held=44.0,held10=90.0
gc_ust8k3e4_s2_e42,held=46.0,held10=88.0
gc_ust8k3e4_s2_e43,held=48.0,held10=94.0
gc_ust8k3e4_s2_e44,held=50.0,held10=94.0
gc_ust8k3e4_s2_e45,held=52.0,held10=90.0
gc_ust8k3e4_s2_e46,held=48.0,held10=92.0
gc_ust8k3e4_s2_e47,held=42.0,held10=86.0
gc_gest4k1e4_s0_e42,held=20.0,held10=60.0
gc_gest4k1e4_s0_e43,held=18.0,held10=70.0
gc_gest4k1e4_s0_e44,held=20.0,held10=74.0
gc_gest4k1e4_s0_e45,held=6.0,held10=72.0
gc_gest4k1e4_s0_e46,held=16.0,held10=80.0
gc_gest4k1e4_s0_e47,held=18.0,held10=74.0
gc_gest4k1e4_s1_e42,held=58.0,held10=86.0
gc_gest4k1e4_s1_e43,held=56.0,held10=90.0
gc_gest4k1e4_s1_e44,held=60.0,held10=94.0
gc_gest4k1e4_s1_e45,held=60.0,held10=96.0
gc_gest4k1e4_s1_e46,held=52.0,held10=98.0
gc_gest4k1e4_s1_e47,held=50.0,held10=88.0
gc_gest4k1e4_s2_e42,held=50.0,held10=86.0
gc_gest4k1e4_s2_e43,held=50.0,held10=92.0
gc_gest4k1e4_s2_e44,held=64.0,held10=96.0
gc_gest4k1e4_s2_e45,held=66.0,held10=94.0
gc_gest4k1e4_s2_e46,held=62.0,held10=96.0
gc_gest4k1e4_s2_e47,held=46.0,held10=92.0
gc_gest4k3e4_s0_e42,held=16.0,held10=70.0
gc_gest4k3e4_s0_e43,held=24.0,held10=76.0
gc_gest4k3e4_s0_e44,held=16.0,held10=78.0
gc_gest4k3e4_s0_e45,held=14.0,held10=76.0
gc_gest4k3e4_s0_e46,held=20.0,held10=80.0
gc_gest4k3e4_s0_e47,held=22.0,held10=74.0
gc_gest4k3e4_s1_e42,held=36.0,held10=80.0
gc_gest4k3e4_s1_e43,held=32.0,held10=84.0
gc_gest4k3e4_s1_e44,held=42.0,held10=78.0
gc_gest4k3e4_s1_e45,held=44.0,held10=90.0
gc_gest4k3e4_s1_e46,held=44.0,held10=84.0
gc_gest4k3e4_s1_e47,held=32.0,held10=72.0
gc_gest4k3e4_s2_e42,held=34.0,held10=78.0
gc_gest4k3e4_s2_e43,held=32.0,held10=88.0
gc_gest4k3e4_s2_e44,held=42.0,held10=88.0
gc_gest4k3e4_s2_e45,held=40.0,held10=94.0
gc_gest4k3e4_s2_e46,held=34.0,held10=92.0
gc_gest4k3e4_s2_e47,held=34.0,held10=84.0
gc_gest8k1e4_s0_e42,held=4.0,held10=52.0
gc_gest8k1e4_s0_e43,held=6.0,held10=58.0
gc_gest8k1e4_s0_e44,held=4.0,held10=58.0
gc_gest8k1e4_s0_e45,held=2.0,held10=46.0
gc_gest8k1e4_s0_e46,held=6.0,held10=56.0
gc_gest8k1e4_s0_e47,held=6.0,held10=44.0
gc_gest8k1e4_s1_e42,held=54.0,held10=94.0
gc_gest8k1e4_s1_e43,held=44.0,held10=96.0
gc_gest8k1e4_s1_e44,held=54.0,held10=98.0
gc_gest8k1e4_s1_e45,held=54.0,held10=94.0
gc_gest8k1e4_s1_e46,held=50.0,held10=92.0
gc_gest8k1e4_s1_e47,held=50.0,held10=92.0
gc_gest8k1e4_s2_e42,held=46.0,held10=88.0
gc_gest8k1e4_s2_e43,held=50.0,held10=90.0
gc_gest8k1e4_s2_e44,held=58.0,held10=90.0
gc_gest8k1e4_s2_e45,held=58.0,held10=94.0
gc_gest8k1e4_s2_e46,held=60.0,held10=96.0
gc_gest8k1e4_s2_e47,held=50.0,held10=94.0
gc_gest8k3e4_s0_e42,held=24.0,held10=78.0
gc_gest8k3e4_s0_e43,held=28.0,held10=82.0
gc_gest8k3e4_s0_e44,held=24.0,held10=82.0
gc_gest8k3e4_s0_e45,held=22.0,held10=84.0
gc_gest8k3e4_s0_e46,held=24.0,held10=88.0
gc_gest8k3e4_s0_e47,held=24.0,held10=82.0
gc_gest8k3e4_s1_e42,held=34.0,held10=78.0
gc_gest8k3e4_s1_e43,held=44.0,held10=92.0
gc_gest8k3e4_s1_e44,held=46.0,held10=82.0
gc_gest8k3e4_s1_e45,held=52.0,held10=90.0
gc_gest8k3e4_s1_e46,held=46.0,held10=88.0
gc_gest8k3e4_s1_e47,held=38.0,held10=84.0
gc_gest8k3e4_s2_e42,held=48.0,held10=90.0
gc_gest8k3e4_s2_e43,held=50.0,held10=92.0
gc_gest8k3e4_s2_e44,held=54.0,held10=92.0
gc_gest8k3e4_s2_e45,held=56.0,held10=96.0
gc_gest8k3e4_s2_e46,held=56.0,held10=98.0
gc_gest8k3e4_s2_e47,held=50.0,held10=94.0
gc_glst4k1e4_s0_e42,held=18.0,held10=58.0
gc_glst4k1e4_s0_e43,held=24.0,held10=70.0
gc_glst4k1e4_s0_e44,held=18.0,held10=60.0
gc_glst4k1e4_s0_e45,held=12.0,held10=66.0
gc_glst4k1e4_s0_e46,held=22.0,held10=72.0
gc_glst4k1e4_s0_e47,held=24.0,held10=70.0
gc_glst4k1e4_s1_e42,held=58.0,held10=86.0
gc_glst4k1e4_s1_e43,held=50.0,held10=84.0
gc_glst4k1e4_s1_e44,held=54.0,held10=94.0
gc_glst4k1e4_s1_e45,held=50.0,held10=94.0
gc_glst4k1e4_s1_e46,held=62.0,held10=92.0
gc_glst4k1e4_s1_e47,held=46.0,held10=88.0
gc_glst4k1e4_s2_e42,held=46.0,held10=84.0
gc_glst4k1e4_s2_e43,held=52.0,held10=94.0
gc_glst4k1e4_s2_e44,held=48.0,held10=90.0
gc_glst4k1e4_s2_e45,held=50.0,held10=94.0
gc_glst4k1e4_s2_e46,held=46.0,held10=88.0
gc_glst4k1e4_s2_e47,held=38.0,held10=86.0
gc_glst4k3e4_s0_e42,held=14.0,held10=60.0
gc_glst4k3e4_s0_e43,held=18.0,held10=74.0
gc_glst4k3e4_s0_e44,held=16.0,held10=72.0
gc_glst4k3e4_s0_e45,held=10.0,held10=64.0
gc_glst4k3e4_s0_e46,held=14.0,held10=80.0
gc_glst4k3e4_s0_e47,held=14.0,held10=64.0
gc_glst4k3e4_s1_e42,held=42.0,held10=86.0
gc_glst4k3e4_s1_e43,held=40.0,held10=92.0
gc_glst4k3e4_s1_e44,held=54.0,held10=90.0
gc_glst4k3e4_s1_e45,held=52.0,held10=94.0
gc_glst4k3e4_s1_e46,held=46.0,held10=86.0
gc_glst4k3e4_s1_e47,held=48.0,held10=80.0
gc_glst4k3e4_s2_e42,held=36.0,held10=80.0
gc_glst4k3e4_s2_e43,held=44.0,held10=86.0
gc_glst4k3e4_s2_e44,held=46.0,held10=84.0
gc_glst4k3e4_s2_e45,held=52.0,held10=84.0
gc_glst4k3e4_s2_e46,held=40.0,held10=82.0
gc_glst4k3e4_s2_e47,held=42.0,held10=78.0
gc_glst8k1e4_s0_e42,held=14.0,held10=56.0
gc_glst8k1e4_s0_e43,held=14.0,held10=66.0
gc_glst8k1e4_s0_e44,held=14.0,held10=70.0
gc_glst8k1e4_s0_e45,held=4.0,held10=66.0
gc_glst8k1e4_s0_e46,held=12.0,held10=74.0
gc_glst8k1e4_s0_e47,held=14.0,held10=64.0
gc_glst8k1e4_s1_e42,held=44.0,held10=92.0
gc_glst8k1e4_s1_e43,held=42.0,held10=88.0
gc_glst8k1e4_s1_e44,held=42.0,held10=94.0
gc_glst8k1e4_s1_e45,held=50.0,held10=90.0
gc_glst8k1e4_s1_e46,held=50.0,held10=94.0
gc_glst8k1e4_s1_e47,held=46.0,held10=90.0
gc_glst8k1e4_s2_e42,held=46.0,held10=86.0
gc_glst8k1e4_s2_e43,held=46.0,held10=92.0
gc_glst8k1e4_s2_e44,held=46.0,held10=84.0
gc_glst8k1e4_s2_e45,held=44.0,held10=94.0
gc_glst8k1e4_s2_e46,held=46.0,held10=90.0
gc_glst8k1e4_s2_e47,held=40.0,held10=94.0
gc_glst8k3e4_s0_e42,held=10.0,held10=48.0
gc_glst8k3e4_s0_e43,held=14.0,held10=64.0
gc_glst8k3e4_s0_e44,held=2.0,held10=54.0
gc_glst8k3e4_s0_e45,held=4.0,held10=52.0
gc_glst8k3e4_s0_e46,held=2.0,held10=66.0
gc_glst8k3e4_s0_e47,held=0.0,held10=50.0
gc_glst8k3e4_s1_e42,held=46.0,held10=96.0
gc_glst8k3e4_s1_e43,held=40.0,held10=90.0
gc_glst8k3e4_s1_e44,held=42.0,held10=90.0
gc_glst8k3e4_s1_e45,held=48.0,held10=90.0
gc_glst8k3e4_s1_e46,held=46.0,held10=90.0
gc_glst8k3e4_s1_e47,held=42.0,held10=92.0
gc_glst8k3e4_s2_e42,held=36.0,held10=84.0
gc_glst8k3e4_s2_e43,held=40.0,held10=84.0
gc_glst8k3e4_s2_e44,held=44.0,held10=78.0
gc_glst8k3e4_s2_e45,held=42.0,held10=80.0
gc_glst8k3e4_s2_e46,held=34.0,held10=82.0
gc_glst8k3e4_s2_e47,held=32.0,held10=76.0
