anchor_champ_s43,96.0
anchor_tdcem_s42,82.0
cemft_h25_s42,74.0
cemft_h25_s43,88.0
cemft_h25_s44,66.0
lipft_v2negx10_s0_h25_s42,88.0
lipft_v2negx10_s0_h25_s43,90.0
lipft_ftnegx10_s0_h25_s42,64.0
lipft_ftneg0_s0_h25_s42,62.0
lipft_v2negx10_s0_h25_s44,70.0
lipft_v2neg0_s0_h25_s42,86.0
lipft_ftnegx10_s0_h25_s43,82.0
lipft_ftneg0_s0_h25_s43,76.0
lipft_v2neg0_s0_h25_s43,96.0
lipft_ftnegx10_s0_h25_s44,60.0
lipft_ftneg0_s0_h25_s44,62.0
lipft_v2neg0_s0_h25_s44,78.0
latft_h25_s42,76.0
latft_h25_s43,86.0
latft_h25_s44,64.0
lipft_ftnx10ax25_s0_h25_s42,66.0
lipft_ftnx10ax25_s0_h25_s43,78.0
lipft_ftnx10ax25_s0_h25_s44,60.0
lipft_ftnegx30_s0_h25_s42,64.0
lipft_ftnx10ax30_s0_h25_s42,64.0
lipft_ftnegx30_s0_h25_s43,78.0
lipft_v2negx30_s0_h25_s42,82.0
lipft_ftnx10ax30_s0_h25_s43,78.0
lipft_v2negx30_s0_h25_s43,94.0
lipft_ftnegx30_s0_h25_s44,56.00000000000001
lipft_ftnx10ax30_s0_h25_s44,56.00000000000001
lipft_v2negx30_s0_h25_s44,76.0
lipft_ftnx10gate_s0_h25_s42,76.0
lipft_ftnx10gate_s0_h25_s43,86.0
lipft_ftnx10gate_s0_h25_s44,62.0
lipft_ftnx108k_s0_h25_s42,66.0
lipft_ftnx108k_s0_h25_s43,80.0
lipft_ftnx108k_s0_h25_s44,62.0
latft2_h25_s42,78.0
cemft2_h25_s42,82.0
latft2_h25_s43,88.0
cemft2_h25_s43,86.0
latft2_h25_s44,64.0
cemft2_h25_s44,FAIL
lipft_v2negx10_s1_h25_s42,82.0
lipft_v2neg0_s1_h25_s42,88.0
lipft_v2negx10_s1_h25_s43,90.0
lipft_v2neg0_s1_h25_s43,96.0
lipft_v2negx10_s1_h25_s44,72.0
lipft_v2negx30_s1_h25_s42,78.0
lipft_v2neg0_s1_h25_s44,80.0
lipft_v2negx30_s1_h25_s43,88.0
lipft_v2negx30_s1_h25_s44,64.0
lipft_ft2neg0_s0_h25_s42,74.0
lipft_ft2nx10gate_s0_h25_s42,86.0
lipft_ft2neg0_s0_h25_s43,82.0
lipft_ft2nx10gate_s0_h25_s43,94.0
lipft_ft2negx10_s0_h25_s42,64.0
lipft_ft2neg0_s0_h25_s44,66.0
lipft_ft2nx10gate_s0_h25_s44,86.0
lipft_ft2negx10_s0_h25_s43,82.0
lipft_ft2negx10_s0_h25_s44,64.0
lipft_v2negx10_s2_h25_s42,84.0
lipft_v2negx30_s2_h25_s42,80.0
lipft_v2neg0_s2_h25_s42,90.0
lipft_v2negx30_s2_h25_s43,96.0
lipft_v2negx10_s2_h25_s43,94.0
lipft_v2neg0_s2_h25_s43,96.0
lipft_v2negx30_s2_h25_s44,74.0
lipft_v2negx10_s2_h25_s44,74.0
lipft_v2neg0_s2_h25_s44,78.0
cemft2_h25_s44,80.0
lipft_ft2nx10gate_s1_h25_s42,90.0
lipft_ft2nx10gate_s1_h25_s43,100.0
lipft_v2nx10gate_s0_h25_s42,86.0
lipft_ft2nx10gate_s1_h25_s44,92.0
lipft_v2nx10gate_s1_h25_s42,86.0
lipft_ft2nx10gate_s2_h25_s42,80.0
lipft_v2nx10gate_s0_h25_s43,94.0
lipft_v2nx10gate_s1_h25_s43,88.0
lipft_ft2nx10gate_s2_h25_s43,90.0
lipft_v2nx10gate_s0_h25_s44,78.0
lipft_ft2nx10gate_s2_h25_s44,86.0
lipft_v2nx10gate_s1_h25_s44,80.0
